order_date,bbq_ckn_l,bbq_ckn_m,bbq_ckn_s,big_meat_s,brie_carre_s,calabrese_l,calabrese_m,calabrese_s,cali_ckn_l,cali_ckn_m,cali_ckn_s,ckn_alfredo_l,ckn_alfredo_m,ckn_alfredo_s,ckn_pesto_l,ckn_pesto_m,ckn_pesto_s,classic_dlx_l,classic_dlx_m,classic_dlx_s,five_cheese_l,four_cheese_l,four_cheese_m,green_garden_l,green_garden_m,green_garden_s,hawaiian_l,hawaiian_m,hawaiian_s,ital_cpcllo_l,ital_cpcllo_m,ital_cpcllo_s,ital_supr_l,ital_supr_m,ital_supr_s,ital_veggie_l,ital_veggie_m,ital_veggie_s,mediterraneo_l,mediterraneo_m,mediterraneo_s,mexicana_l,mexicana_m,mexicana_s,napolitana_l,napolitana_m,napolitana_s,pep_msh_pep_l,pep_msh_pep_m,pep_msh_pep_s,pepperoni_l,pepperoni_m,pepperoni_s,peppr_salami_l,peppr_salami_m,peppr_salami_s,prsc_argla_l,prsc_argla_m,prsc_argla_s,sicilian_l,sicilian_m,sicilian_s,soppressata_l,soppressata_m,soppressata_s,southw_ckn_l,southw_ckn_m,southw_ckn_s,spicy_ital_l,spicy_ital_m,spicy_ital_s,spin_pesto_l,spin_pesto_m,spin_pesto_s,spinach_fet_l,spinach_fet_m,spinach_fet_s,spinach_supr_l,spinach_supr_m,spinach_supr_s,thai_ckn_l,thai_ckn_m,thai_ckn_s,the_greek_l,the_greek_m,the_greek_s,the_greek_xl,the_greek_xxl,veggie_veg_l,veggie_veg_m,veggie_veg_s
2015-01-01,6,4,1,5,0,0,1,0,2,1,1,0,1,1,3,1,0,1,7,2,7,3,3,1,1,5,1,1,2,5,3,0,6,8,1,0,0,2,1,2,0,6,2,1,1,0,1,2,1,3,2,3,1,1,1,2,2,1,1,2,1,1,1,0,0,4,1,2,4,0,1,1,0,1,2,0,0,0,3,2,6,2,0,0,0,4,1,0,1,0,2
2015-01-02,3,4,2,8,0,0,0,0,3,2,0,0,1,0,1,0,1,2,1,3,6,2,1,0,0,1,5,1,4,3,3,1,4,3,1,1,1,2,1,0,0,3,2,0,4,0,2,0,0,1,4,4,4,1,2,1,2,1,1,4,1,1,4,0,0,2,1,3,8,1,2,1,0,1,2,0,2,3,0,5,4,2,3,0,4,2,1,0,4,1,0
2015-01-03,3,3,1,8,1,0,1,0,6,4,2,3,2,0,1,1,1,1,3,1,4,5,2,0,1,0,4,2,2,1,1,1,3,1,0,2,1,0,1,1,1,2,2,0,1,3,2,0,0,2,3,3,2,4,1,0,2,1,4,0,5,2,1,0,0,4,0,1,1,3,0,3,1,2,1,1,0,0,1,1,5,3,2,0,2,1,4,0,2,4,1
2015-01-04,6,4,1,0,2,0,1,1,3,1,1,0,4,1,1,0,0,3,1,0,4,2,2,0,1,2,1,1,2,2,0,1,1,2,2,1,1,1,0,0,0,0,1,1,1,3,1,1,0,1,1,1,2,0,1,0,1,2,2,0,2,1,0,0,0,0,0,1,5,1,0,1,1,1,0,1,3,2,0,2,3,2,0,0,2,2,0,0,0,1,0
2015-01-05,1,1,0,4,2,0,0,0,1,6,1,1,8,0,2,0,0,2,2,5,6,2,3,0,1,1,2,0,3,0,1,2,2,4,0,0,1,2,1,0,0,2,1,0,1,3,1,2,1,0,2,1,3,3,1,0,2,1,0,0,2,4,0,1,1,2,2,0,2,1,0,3,1,0,1,2,0,1,0,1,3,2,1,1,0,1,0,0,0,2,0
2015-01-06,2,2,0,6,1,1,1,0,3,2,1,0,5,0,2,0,0,1,7,3,5,4,2,0,2,3,3,2,6,4,1,1,1,5,0,0,0,0,4,0,0,4,0,0,0,0,1,2,0,0,2,5,1,0,1,3,1,1,2,3,2,0,0,0,1,2,1,1,3,2,1,0,1,0,2,2,4,1,1,0,7,1,2,0,1,0,2,0,1,2,1
2015-01-07,2,1,3,6,2,2,1,1,2,2,1,0,3,0,1,2,3,2,3,1,5,2,1,0,1,1,4,1,2,0,1,1,1,4,0,0,1,3,0,3,0,0,1,0,0,1,0,2,0,1,1,7,6,0,1,1,1,0,1,4,1,3,1,3,0,1,1,0,3,2,0,1,0,1,2,1,2,0,1,0,4,1,1,0,2,2,2,0,2,2,3
2015-01-08,3,3,0,7,0,0,3,1,1,4,2,0,4,1,1,0,0,1,3,0,5,8,2,2,2,2,5,0,4,2,2,1,2,5,0,2,4,1,0,1,0,3,2,0,0,2,3,0,3,2,4,3,2,3,0,1,1,4,1,4,5,1,0,0,1,3,2,0,6,2,2,0,0,0,3,1,3,0,2,2,6,1,0,0,0,2,1,0,1,4,3
2015-01-09,1,0,2,5,1,0,1,0,1,3,1,0,3,0,2,0,1,1,3,5,5,6,0,0,1,4,1,1,3,0,3,0,3,1,0,2,2,0,1,1,1,2,1,0,1,1,0,0,0,0,4,3,1,3,2,0,2,2,1,1,2,3,1,1,1,2,0,0,3,1,1,1,0,0,0,3,0,3,0,1,3,1,1,2,3,0,3,0,1,0,1
2015-01-10,3,1,2,4,1,1,3,0,4,2,1,0,2,0,1,0,0,3,2,3,6,4,2,0,1,1,2,1,0,1,1,0,2,2,1,0,1,3,1,2,0,5,2,1,1,0,1,0,3,1,4,3,0,4,2,1,2,3,0,0,1,2,1,0,4,1,5,1,4,1,0,2,2,0,1,2,1,2,3,0,2,0,2,1,1,2,3,0,1,2,2
2015-01-11,1,3,2,3,1,1,3,0,1,0,4,0,1,0,1,1,3,0,2,1,0,2,1,0,1,0,1,0,3,1,0,1,4,4,0,0,0,0,2,0,1,7,0,1,1,2,2,0,1,0,4,6,2,4,2,2,0,0,3,2,1,3,2,1,0,1,0,0,1,3,0,0,2,0,1,2,2,0,0,0,2,1,1,1,0,0,0,0,1,3,0
2015-01-12,4,2,2,6,1,0,1,0,0,2,2,0,1,0,1,0,2,0,3,1,2,2,0,0,3,1,3,0,2,3,0,1,1,2,0,2,2,1,1,0,1,1,0,2,3,0,0,1,4,1,1,2,4,1,2,2,0,1,1,1,2,5,1,0,0,6,2,1,2,0,1,0,0,2,1,1,0,0,1,0,4,1,1,0,1,1,2,0,0,0,2
2015-01-13,4,2,0,2,1,3,0,0,0,3,2,0,0,0,2,0,1,1,4,0,4,1,5,0,0,1,0,0,3,6,1,0,1,5,0,0,1,1,0,1,0,1,1,0,4,2,1,1,2,1,0,2,0,1,1,1,1,3,1,1,0,5,1,1,1,3,3,0,3,0,0,0,1,0,1,2,3,0,0,0,5,1,0,0,2,0,3,0,1,4,1
2015-01-14,2,3,1,3,0,3,0,1,2,2,1,0,3,1,4,1,0,3,1,3,9,2,1,0,0,1,2,1,4,0,0,0,2,7,1,0,2,1,0,0,0,3,1,0,3,2,2,0,1,2,1,3,2,4,2,0,1,1,3,3,0,6,0,0,1,8,0,3,2,0,1,3,0,1,2,2,0,3,1,2,2,2,0,1,0,0,2,0,2,5,0
2015-01-15,3,2,0,4,0,0,1,0,1,4,0,0,1,1,0,0,0,1,1,3,3,4,2,0,0,0,2,0,5,1,0,0,1,0,1,0,1,0,2,1,0,0,1,1,0,0,2,0,0,2,3,4,4,2,1,1,1,2,1,1,2,5,2,1,2,3,1,3,5,3,1,1,1,0,2,0,1,1,1,1,4,3,0,1,1,0,2,0,0,5,0
2015-01-16,3,3,3,4,0,1,2,0,1,6,2,0,3,0,1,0,0,0,6,1,6,2,2,1,2,2,0,0,3,2,0,4,1,2,0,0,2,1,1,1,0,3,3,0,4,2,0,1,2,2,8,2,2,2,2,1,0,1,2,1,1,4,0,0,0,5,0,0,7,0,2,3,1,1,2,3,5,0,0,2,4,1,2,0,1,0,2,0,3,2,1
2015-01-17,7,2,2,6,3,1,0,0,5,4,1,1,0,0,1,1,0,1,2,0,0,2,0,0,2,0,2,2,5,1,2,2,1,2,0,2,1,0,2,0,1,0,1,0,2,0,1,0,1,3,4,2,4,2,0,0,1,0,2,2,1,3,0,1,3,3,1,0,2,0,1,0,1,2,0,0,0,0,1,1,6,2,1,1,1,0,1,0,2,1,1
2015-01-18,2,6,1,4,0,0,1,0,3,5,1,0,1,0,1,0,1,2,3,2,3,3,2,1,0,1,3,0,1,1,0,0,0,6,0,1,1,1,0,0,1,4,1,1,2,0,1,0,1,2,8,0,3,3,1,1,0,2,2,1,2,4,2,0,1,1,1,0,1,1,1,0,2,1,0,1,2,1,1,1,2,1,2,0,0,0,1,0,1,1,0
2015-01-19,3,1,1,7,1,0,2,0,1,5,3,0,2,1,3,0,1,1,1,2,4,5,1,1,0,2,4,1,4,2,1,1,2,3,1,0,2,1,3,0,2,2,0,0,6,2,0,4,0,3,4,1,2,1,0,0,2,0,1,2,0,1,2,1,0,3,0,1,3,0,0,1,1,0,2,4,0,0,0,0,4,2,2,1,1,1,3,0,1,1,2
2015-01-20,0,3,0,4,2,0,0,1,5,2,3,0,3,0,0,0,2,1,5,2,10,3,0,0,3,1,2,0,0,3,1,1,4,2,2,0,2,0,0,1,1,2,1,0,1,2,2,1,0,1,1,2,2,3,3,0,4,2,0,3,0,4,4,1,1,0,4,1,3,3,1,1,0,0,1,1,0,2,2,2,3,1,1,0,0,2,1,0,0,2,3
2015-01-21,1,2,1,5,1,0,3,0,1,4,3,0,2,0,1,0,2,0,3,0,3,7,0,0,1,1,2,1,3,2,2,2,2,2,0,2,2,0,1,0,2,0,1,0,0,1,3,0,2,1,3,2,3,1,3,0,2,1,0,2,1,5,1,0,1,1,0,1,0,1,2,0,0,1,2,1,1,0,0,5,6,0,1,1,0,0,1,0,0,6,2
2015-01-22,2,4,3,4,2,1,1,0,1,3,2,1,2,0,1,2,2,0,4,7,7,2,2,0,0,0,4,1,4,0,0,0,2,2,2,3,2,1,1,1,1,1,1,2,4,0,2,0,1,4,1,3,6,1,0,1,1,0,0,2,3,2,0,0,0,1,1,4,3,1,3,0,1,3,2,3,2,0,1,0,4,2,2,1,2,0,3,0,0,5,2
2015-01-23,3,4,4,8,0,0,1,0,4,2,0,1,1,0,0,0,1,1,2,2,7,6,6,0,0,2,3,1,2,4,1,1,1,3,0,1,2,1,0,1,0,1,4,1,0,3,4,4,1,2,2,3,4,1,1,4,2,1,3,1,1,3,1,1,0,3,0,2,2,2,1,1,0,1,1,2,0,0,0,0,3,1,3,1,1,0,1,0,2,0,1
2015-01-24,1,2,2,4,2,1,1,0,0,5,1,1,1,0,1,0,1,2,3,3,6,1,1,0,3,1,1,0,4,1,0,2,3,4,2,1,1,1,1,0,1,4,1,2,4,1,0,1,1,1,1,0,2,4,2,0,3,2,5,1,1,4,0,1,2,2,0,0,1,0,1,0,2,3,1,1,1,1,0,3,5,1,4,0,0,2,1,0,1,1,3
2015-01-25,5,2,1,6,3,1,1,1,0,3,0,1,1,0,0,0,1,0,1,1,1,3,3,0,0,0,1,0,3,0,1,0,0,0,0,0,1,0,2,1,0,0,3,3,3,3,0,0,1,1,1,0,4,2,0,1,1,3,2,1,1,1,0,0,2,3,0,0,0,0,3,0,1,1,2,1,2,0,1,0,1,0,3,0,1,2,0,0,2,2,0
2015-01-26,1,1,0,6,1,2,2,0,3,1,2,1,1,0,1,0,0,1,2,1,4,4,1,0,2,1,3,0,1,1,1,0,2,2,1,1,1,1,1,0,2,0,1,0,1,0,1,0,1,1,1,3,4,2,0,1,1,1,1,3,1,2,0,0,1,3,2,0,2,1,0,2,0,3,1,1,1,0,0,1,5,2,0,1,1,2,1,1,0,2,0
2015-01-27,4,1,0,3,2,1,2,0,1,2,2,1,2,0,0,1,1,1,3,1,2,4,1,0,0,1,4,2,3,0,7,4,1,0,0,2,1,1,1,2,0,5,0,0,4,3,0,1,2,2,5,1,3,4,1,0,4,1,2,1,1,1,2,2,2,3,3,1,2,0,2,0,1,0,3,0,3,0,1,3,3,3,0,1,2,2,1,1,3,0,2
2015-01-28,9,2,0,6,2,1,0,0,2,2,0,0,2,0,1,1,0,1,2,5,2,1,1,0,0,2,4,1,2,1,1,2,1,2,0,1,2,0,0,0,0,2,2,0,3,0,2,3,0,0,2,3,0,2,1,0,0,1,0,2,3,3,3,0,0,0,2,1,4,2,0,0,1,0,3,1,2,0,0,0,4,0,0,0,1,0,2,0,1,2,1
2015-01-29,5,3,1,1,1,1,1,0,3,1,3,0,0,1,3,0,1,0,1,1,6,2,2,0,0,0,1,3,0,3,2,0,3,2,0,0,0,3,2,0,1,5,2,0,1,1,0,3,0,0,4,0,4,2,2,0,1,2,2,3,3,1,1,1,0,2,1,1,2,0,2,2,0,1,1,0,0,0,0,0,4,0,1,0,0,1,2,0,1,0,3
2015-01-30,5,4,1,3,1,1,2,0,3,4,1,1,4,1,0,1,1,1,7,4,3,2,6,0,0,2,0,1,4,3,1,0,3,2,0,1,2,4,0,1,1,3,2,0,0,1,0,1,0,0,1,3,0,3,1,0,2,4,0,3,0,2,1,0,1,1,1,0,0,3,1,0,0,3,0,2,0,1,0,5,3,1,2,2,0,0,2,0,0,0,2
2015-01-31,1,3,0,8,1,1,2,0,4,3,1,0,2,0,1,1,0,1,3,1,3,6,2,0,1,1,1,3,3,5,0,2,1,4,0,1,1,1,0,1,0,2,3,0,5,1,1,2,1,0,1,3,1,3,1,2,1,1,1,3,2,4,0,2,3,1,1,0,2,1,2,0,0,0,3,0,0,1,1,3,2,2,0,1,1,0,2,0,4,5,1
2015-02-01,4,7,1,9,3,2,5,0,4,9,2,2,1,0,1,0,1,2,7,4,5,5,1,0,1,2,2,1,4,2,2,1,5,3,0,0,2,2,0,0,0,4,1,1,2,4,1,1,0,2,0,3,7,3,2,1,2,2,2,3,1,1,2,1,0,5,2,2,4,2,3,3,0,2,0,2,2,2,0,1,6,1,1,1,1,0,2,0,1,0,0
2015-02-02,2,3,1,6,1,0,5,0,2,3,2,2,4,0,2,0,1,1,2,0,4,1,2,0,0,1,5,0,3,4,1,2,0,2,1,0,1,1,0,0,2,3,3,0,1,0,0,1,0,3,3,4,3,3,1,1,0,3,1,0,2,2,2,1,0,0,1,1,4,1,1,2,1,0,2,1,2,0,1,4,4,2,2,0,1,1,0,0,3,3,4
2015-02-03,1,3,4,9,2,1,4,1,1,4,1,1,2,0,2,0,0,0,1,2,4,10,1,0,2,2,0,2,0,5,3,0,2,1,0,0,4,1,0,0,1,2,0,0,2,0,1,0,3,2,2,3,4,2,2,2,1,2,0,1,2,2,2,1,1,1,1,3,3,2,1,1,0,1,4,1,2,2,0,3,3,0,1,0,1,3,3,0,6,2,1
2015-02-04,5,2,3,4,3,0,1,0,3,1,2,0,3,0,0,0,2,2,3,0,6,6,0,0,0,1,2,3,3,2,1,4,2,5,2,0,2,3,2,0,1,4,3,0,1,1,1,0,3,3,1,4,2,0,0,2,0,0,1,1,0,1,1,0,0,2,3,1,5,1,1,0,0,0,2,0,3,0,2,2,1,0,1,0,0,1,1,0,2,1,1
2015-02-05,4,2,0,4,3,1,2,0,2,3,1,0,1,0,1,0,0,2,1,5,2,3,3,0,1,2,3,2,4,2,4,0,3,5,0,0,0,0,0,0,1,1,2,0,4,0,1,0,1,0,6,1,1,2,0,2,1,2,2,2,2,4,1,1,1,4,3,1,3,1,0,0,1,1,2,1,1,3,0,0,1,0,0,1,1,1,0,0,2,1,1
2015-02-06,4,2,0,7,2,3,1,2,3,3,1,0,2,0,0,2,0,1,6,3,6,2,2,0,1,1,2,3,6,1,1,0,4,1,1,0,1,0,3,0,1,0,1,0,2,2,3,1,3,2,3,2,0,2,4,0,1,1,0,2,2,4,0,0,1,4,1,1,5,0,1,1,3,3,3,1,2,1,0,0,2,2,1,1,0,1,1,0,0,4,1
2015-02-07,1,4,2,6,2,0,2,1,2,5,2,0,4,0,3,0,0,0,4,4,2,3,3,0,0,3,2,0,1,3,3,1,6,3,0,0,2,0,0,0,0,0,1,1,0,0,0,0,0,0,1,0,2,1,0,0,1,5,3,2,0,2,0,1,1,3,1,2,5,0,0,0,1,1,2,4,3,0,0,0,3,3,2,2,1,0,1,0,1,4,2
2015-02-08,1,5,0,5,2,0,0,0,2,2,1,2,1,1,1,0,1,1,0,3,4,1,0,0,0,1,3,1,4,3,2,0,4,1,0,0,2,1,2,0,2,0,0,2,1,0,1,0,0,4,3,3,1,3,0,0,2,3,4,0,2,2,0,1,0,1,1,2,8,0,1,1,0,2,2,1,0,1,1,1,3,3,1,1,0,1,0,0,2,0,0
2015-02-09,2,4,0,4,0,0,0,0,4,3,1,1,1,0,2,1,0,0,3,0,4,3,3,0,2,2,2,0,6,0,1,2,0,5,0,1,3,2,1,0,1,1,2,2,2,1,2,0,1,1,2,3,1,1,1,0,2,2,2,4,1,2,1,0,1,3,3,1,1,3,0,0,1,2,2,0,1,0,0,1,3,1,1,0,1,5,2,0,2,3,1
2015-02-10,4,1,1,1,3,0,1,0,2,1,1,0,0,0,1,0,1,0,1,3,4,4,1,0,1,3,0,1,0,2,3,0,2,0,2,2,2,1,0,0,1,3,1,0,4,2,3,1,1,1,2,3,2,1,1,0,0,1,2,2,3,6,3,1,1,4,0,2,5,0,2,1,0,0,1,1,1,1,0,1,1,0,3,1,0,1,1,0,1,1,2
2015-02-11,0,4,2,4,0,1,2,0,2,2,2,1,2,1,2,1,1,3,2,4,6,10,4,0,2,2,3,1,8,1,0,0,0,5,0,1,1,2,0,2,0,4,1,0,1,0,0,1,3,2,4,3,6,1,0,2,0,1,2,2,2,4,1,0,1,4,1,0,2,1,0,0,1,2,0,2,0,2,0,1,3,0,3,1,1,0,1,0,2,3,0
2015-02-12,4,4,2,5,5,1,1,0,2,0,2,0,2,1,0,1,0,2,4,2,6,4,1,0,1,1,4,4,1,1,1,2,1,3,0,0,3,1,1,1,0,1,4,0,1,1,0,0,2,0,2,5,0,2,0,0,1,1,2,5,0,2,0,1,2,0,1,1,3,1,0,2,0,1,1,0,1,0,0,0,2,1,1,2,2,2,0,0,1,1,1
2015-02-13,9,1,1,10,2,0,3,0,4,3,4,2,2,0,4,0,0,2,2,0,2,5,0,0,1,3,2,1,4,0,4,2,1,3,1,1,2,0,0,0,0,4,0,0,3,1,2,1,2,1,6,4,1,0,1,2,2,3,1,3,3,2,1,2,1,3,1,0,5,2,1,1,0,0,0,1,2,1,2,1,5,2,1,1,0,0,3,1,0,1,2
2015-02-14,5,3,2,3,1,3,3,0,2,2,2,0,2,0,1,0,0,1,3,0,4,5,1,1,1,4,2,1,2,2,2,1,3,3,2,0,2,0,0,1,0,5,4,1,0,0,1,0,1,4,0,0,4,0,1,1,0,1,1,2,1,1,1,0,2,5,1,2,2,0,3,1,0,1,0,0,1,0,4,0,4,0,1,1,2,0,4,0,0,4,3
2015-02-15,3,1,1,6,1,0,3,0,2,3,1,0,3,1,3,0,1,1,5,1,4,3,1,0,1,1,2,0,1,2,1,0,2,2,1,0,1,3,3,0,0,1,1,0,2,2,0,1,1,0,2,3,2,1,1,1,2,1,2,1,4,3,0,0,0,7,1,1,2,0,0,0,2,0,1,2,2,0,0,0,4,1,2,0,1,0,1,0,2,3,1
2015-02-16,1,1,0,4,0,0,1,0,0,1,2,0,5,0,1,0,1,1,2,1,4,3,1,0,0,2,3,4,4,1,2,1,2,2,1,1,0,0,4,0,1,1,0,0,6,0,2,2,0,2,1,1,4,1,0,0,3,1,1,1,0,3,1,1,1,3,1,1,0,1,1,0,0,1,0,3,0,1,0,0,7,2,2,1,0,0,1,1,2,1,1
2015-02-17,3,4,1,3,0,0,2,0,3,0,2,0,3,0,1,3,1,2,6,2,1,2,0,0,2,1,5,1,3,3,2,1,3,3,0,0,1,0,0,0,0,1,1,1,1,1,1,0,1,0,0,4,2,2,3,1,1,3,0,2,3,1,0,2,1,6,0,2,3,0,0,1,1,2,0,1,1,0,1,1,2,1,3,1,0,0,2,0,0,2,3
2015-02-18,1,2,2,4,3,0,1,0,3,6,1,0,1,0,1,1,2,0,4,4,3,2,4,1,0,3,5,1,5,0,2,1,3,2,0,0,0,1,0,2,1,4,1,1,1,1,1,4,1,3,4,1,1,3,0,1,3,3,4,1,2,3,0,4,1,4,3,0,2,1,2,0,2,0,1,4,1,1,1,1,6,0,5,0,1,1,2,0,2,2,1
2015-02-19,1,3,3,6,1,2,1,1,4,1,1,0,0,0,1,3,0,0,5,0,4,3,1,0,1,2,3,2,2,0,0,0,6,0,1,2,2,0,1,1,0,4,2,0,2,0,0,0,2,1,0,2,3,4,1,1,0,0,2,2,0,1,0,1,1,2,2,1,1,2,1,2,2,2,1,2,1,1,0,0,1,1,1,1,0,1,0,0,1,2,2
2015-02-20,3,2,3,5,2,0,4,2,8,5,4,0,1,1,4,1,4,2,4,1,3,3,2,0,1,2,3,2,1,1,0,2,4,2,1,0,1,1,5,1,0,5,0,2,1,3,1,0,1,1,6,5,2,2,1,1,4,2,3,2,0,1,0,1,1,3,0,1,3,1,1,0,1,3,1,2,0,0,1,5,6,0,0,2,2,0,1,0,1,3,2
2015-02-21,5,3,1,8,3,4,1,0,2,2,1,0,1,0,0,1,0,3,1,2,4,9,2,1,2,2,2,2,1,2,0,1,0,1,0,0,5,2,2,1,1,0,0,0,3,1,3,0,0,3,1,2,1,0,1,0,0,1,0,1,0,1,1,1,0,2,2,2,4,0,0,0,1,1,0,1,0,0,0,0,5,2,1,1,0,2,0,0,2,0,3
2015-02-22,2,2,0,5,0,1,0,0,4,1,2,1,0,1,0,1,0,1,3,2,4,1,0,0,0,1,0,0,4,2,1,0,0,0,0,0,0,1,0,0,0,0,0,1,0,0,0,4,0,3,0,2,1,2,0,1,1,0,1,0,7,2,1,0,0,2,0,1,1,4,0,1,2,1,1,1,2,1,0,1,3,2,1,1,1,0,2,0,1,1,1
2015-02-23,3,2,0,3,1,1,1,1,4,4,2,1,2,0,2,2,0,2,3,4,2,2,1,3,0,0,3,1,2,2,2,1,4,1,0,1,2,1,0,0,1,3,0,0,4,1,1,0,2,2,2,2,2,0,0,1,3,0,2,1,0,0,3,0,0,2,0,1,2,2,1,1,0,0,1,0,2,1,2,2,3,0,1,0,0,1,2,0,3,1,4
2015-02-24,4,1,2,2,3,2,4,0,2,2,2,0,1,0,0,1,0,3,2,0,9,3,1,0,1,2,1,4,4,1,1,1,2,2,1,0,0,1,0,0,0,3,0,0,3,0,1,0,2,1,2,4,5,4,0,3,0,3,0,0,1,3,2,0,1,2,3,1,2,0,3,0,1,2,0,1,0,1,2,2,5,0,1,0,1,0,1,0,1,1,1
2015-02-25,1,3,1,10,0,0,2,0,1,2,1,0,2,2,2,0,3,1,3,2,4,8,4,0,0,3,1,0,2,4,0,0,1,1,1,0,3,1,0,0,0,2,1,0,1,3,2,1,3,2,1,3,0,1,2,1,0,2,0,3,5,1,3,2,1,3,2,1,2,0,1,1,1,0,1,2,4,1,0,1,3,1,2,0,0,1,1,1,3,2,1
2015-02-26,1,2,0,5,0,0,1,0,2,4,0,0,2,0,2,1,2,0,4,0,3,4,0,0,0,0,7,1,4,3,2,0,1,0,1,2,2,2,2,2,0,4,0,2,1,1,2,2,0,3,3,5,2,1,2,4,1,3,1,4,2,2,2,2,0,0,2,0,1,0,0,0,0,1,0,3,3,1,1,2,4,1,3,0,1,1,2,0,2,0,1
2015-02-27,4,3,0,6,0,2,1,0,7,2,3,1,2,0,1,0,0,1,2,3,2,6,3,3,0,3,1,1,3,4,0,1,1,3,0,2,1,1,1,2,4,0,0,0,2,1,2,3,1,2,3,6,5,7,1,3,2,1,2,1,2,4,0,0,2,6,1,0,6,2,0,3,1,1,0,1,1,1,3,2,5,1,1,3,0,0,0,0,0,4,1
2015-02-28,3,3,2,7,1,0,2,0,1,4,2,1,1,0,1,0,3,0,2,2,7,6,1,1,1,6,6,1,2,1,1,1,3,2,0,0,0,1,3,1,3,2,1,1,2,0,2,4,1,2,1,2,0,0,2,1,0,2,0,3,1,1,1,1,1,3,2,1,5,1,3,0,1,0,1,2,1,0,5,1,0,3,0,1,0,0,4,0,2,5,0
2015-03-01,2,0,0,3,1,0,1,0,1,4,1,0,0,0,1,0,0,1,1,2,5,2,2,0,0,3,2,0,4,1,0,2,0,4,0,0,0,1,3,0,0,0,1,0,0,1,0,1,0,1,3,3,2,1,2,0,0,0,1,1,1,0,0,0,0,5,2,2,2,1,1,0,1,2,2,2,1,0,0,0,2,0,2,0,1,1,1,0,3,1,2
2015-03-02,3,1,5,5,1,0,3,0,4,2,1,1,1,0,1,0,1,0,6,1,2,2,0,1,0,2,0,4,3,2,0,1,2,1,0,1,1,1,1,1,0,4,1,0,2,1,0,0,3,3,1,2,1,3,0,1,2,3,0,3,1,0,1,1,0,7,3,1,5,4,0,1,2,0,3,0,2,3,0,1,3,1,1,0,0,0,3,0,1,2,2
2015-03-03,2,2,2,5,3,0,1,0,4,3,1,2,4,0,1,0,0,2,3,2,6,1,2,0,1,1,4,3,4,5,0,1,0,1,0,1,2,0,1,1,0,4,1,1,2,2,0,0,0,2,2,1,1,4,1,1,3,1,1,3,3,1,1,1,1,2,2,0,0,2,1,0,0,4,1,2,2,1,0,2,3,1,1,0,1,0,0,0,1,2,1
2015-03-04,7,4,0,5,1,0,4,0,4,5,1,3,3,0,1,1,0,4,0,5,2,2,2,0,2,0,3,1,4,1,4,2,1,4,0,0,3,1,1,1,3,2,2,0,2,3,3,1,3,1,1,1,1,4,0,1,1,1,4,4,0,1,0,0,0,3,2,1,1,0,0,0,0,0,0,1,2,2,0,0,3,4,2,0,1,0,1,0,1,2,0
2015-03-05,2,1,2,3,0,2,0,0,5,4,0,0,1,0,0,0,0,0,3,4,5,7,1,0,0,1,8,2,1,4,1,0,1,3,1,2,0,0,1,1,0,3,0,1,0,0,3,2,1,4,2,3,0,3,0,1,1,4,2,0,1,2,3,0,1,3,2,2,4,2,1,0,1,1,1,0,0,1,0,2,5,1,2,0,0,2,2,0,0,3,4
2015-03-06,3,2,3,5,4,2,0,0,4,0,1,0,4,1,0,1,1,1,3,4,7,3,0,0,1,2,0,2,8,1,1,0,4,3,0,2,1,1,0,1,1,2,2,0,0,1,1,1,1,1,3,4,3,1,0,1,3,6,0,1,2,1,0,3,1,5,0,0,6,0,1,1,0,4,1,2,1,1,1,0,4,1,0,0,1,0,1,0,3,2,2
2015-03-07,4,6,2,8,1,1,1,0,4,0,1,3,1,0,0,1,1,1,3,1,2,4,0,1,2,3,5,1,0,3,1,0,1,5,1,1,1,2,0,0,0,4,0,0,1,0,3,1,2,4,0,2,1,4,1,0,1,2,1,1,2,5,1,1,2,3,0,0,2,1,0,4,0,2,3,2,2,1,1,1,3,1,1,0,1,1,1,0,2,1,0
2015-03-08,4,5,3,8,1,1,1,0,1,2,0,0,5,0,2,0,2,0,2,5,2,5,0,1,2,0,1,5,4,2,0,0,3,1,1,0,3,1,0,1,2,3,1,0,2,0,0,0,0,1,4,2,2,3,0,0,2,1,2,1,1,2,1,1,0,2,2,2,4,1,1,0,1,0,1,1,0,0,0,2,4,4,1,0,0,0,0,0,1,1,2
2015-03-09,2,5,3,5,2,0,2,0,3,4,0,1,3,0,2,1,2,2,6,1,7,5,1,1,2,1,2,0,4,2,0,2,0,5,0,0,0,1,1,0,2,1,2,1,1,1,0,1,0,1,2,2,1,0,2,1,3,0,1,0,1,1,3,0,0,5,1,2,3,1,0,1,0,1,2,0,1,2,1,0,4,2,0,3,1,1,0,0,2,0,0
2015-03-10,3,2,1,8,2,0,0,0,3,2,0,1,1,0,2,2,2,1,4,4,3,7,4,0,2,2,5,2,3,5,1,0,2,1,1,0,2,1,1,0,1,3,3,0,1,1,0,0,0,4,0,3,2,2,0,0,0,1,1,3,1,0,1,0,0,3,1,1,6,2,1,2,0,0,0,2,1,1,0,0,7,0,3,1,0,1,0,0,0,2,3
2015-03-11,1,1,2,6,2,1,2,0,4,4,0,2,1,0,0,0,0,0,2,2,8,2,4,0,2,2,3,0,2,2,0,0,0,2,0,1,1,0,2,1,1,2,3,1,1,0,2,1,0,1,0,3,1,2,1,0,0,2,1,1,1,1,0,0,2,4,5,2,2,1,1,0,2,1,1,2,2,0,1,1,5,1,4,0,0,1,2,0,3,1,3
2015-03-12,6,0,2,2,4,1,3,1,3,2,1,0,1,0,0,0,2,2,1,0,4,9,2,0,2,1,1,1,1,1,0,0,2,3,1,0,2,0,1,0,0,0,3,0,1,1,3,0,4,5,0,2,1,1,0,1,4,4,0,2,1,1,0,0,1,1,1,0,1,0,1,1,0,2,1,1,2,1,1,0,2,1,0,0,0,0,1,0,2,1,2
2015-03-13,2,3,3,15,1,0,0,0,1,1,2,1,2,0,1,2,0,0,7,3,2,5,2,0,1,2,1,2,4,4,2,3,0,4,1,2,1,1,1,0,1,6,1,0,1,0,2,2,2,1,4,8,1,0,2,0,0,3,0,0,3,6,0,1,1,4,3,0,1,2,0,1,2,2,3,1,4,1,1,0,6,3,4,0,2,2,3,0,2,2,0
2015-03-14,2,2,1,5,1,0,3,0,2,4,2,0,1,0,0,0,1,0,3,0,3,3,1,0,1,1,1,1,2,2,0,0,2,2,0,2,2,0,0,0,0,3,0,1,5,2,2,4,0,2,2,2,0,1,0,2,2,1,1,1,3,3,1,1,2,0,1,0,5,0,1,0,0,2,1,0,3,0,2,1,1,3,1,0,1,2,2,1,2,1,2
2015-03-15,2,4,4,6,1,1,2,1,0,2,1,0,2,0,0,1,0,1,1,4,3,6,1,0,1,2,1,3,2,4,2,1,1,4,0,0,0,0,0,0,1,2,0,3,1,2,2,2,1,2,1,3,1,0,1,1,1,0,1,1,0,5,0,1,1,1,1,0,3,2,0,1,0,1,1,2,3,0,0,2,7,2,1,1,1,1,0,0,2,1,1
2015-03-16,1,4,0,8,0,0,1,0,2,1,3,1,1,1,0,1,2,2,2,0,4,4,5,0,3,0,2,0,3,1,4,1,2,3,0,1,0,1,0,2,0,1,0,0,3,1,3,2,2,2,1,2,1,1,4,1,1,3,0,2,1,1,0,1,0,2,0,2,7,0,1,0,1,1,4,1,3,0,1,1,1,2,2,1,3,0,2,0,0,6,1
2015-03-17,5,5,3,8,0,0,2,0,1,3,1,0,3,0,1,0,2,3,2,3,3,8,2,0,1,2,5,2,3,3,0,1,4,5,1,1,1,1,2,0,1,5,1,0,2,0,1,1,2,1,0,4,3,4,3,0,2,3,1,4,2,3,0,1,3,4,1,2,3,0,3,2,0,2,3,4,2,2,0,2,3,1,2,0,2,0,2,1,1,1,2
2015-03-18,4,3,2,5,3,0,1,1,2,2,0,0,0,0,1,2,0,1,3,3,2,1,1,1,1,1,6,2,3,1,0,0,1,0,0,0,4,1,3,0,1,1,0,0,2,1,0,1,1,1,1,0,2,4,2,1,0,1,2,1,2,0,0,0,1,3,1,0,6,0,2,0,1,0,0,3,0,0,2,1,4,1,3,1,2,0,2,0,2,2,1
2015-03-19,5,2,1,6,2,1,0,1,2,2,1,2,4,0,2,2,0,3,4,3,3,4,2,1,0,2,0,0,5,1,1,1,3,5,0,0,2,1,1,1,1,4,0,0,1,1,1,1,1,0,2,1,2,2,3,3,1,1,2,0,3,2,3,2,1,1,2,1,1,0,1,2,0,1,1,1,3,1,1,1,4,0,3,0,1,1,2,0,2,0,0
2015-03-20,2,2,4,2,0,1,1,0,1,6,2,0,3,0,1,1,1,3,2,2,7,5,3,1,2,0,1,1,4,3,2,1,2,2,0,0,0,1,0,0,1,1,2,0,3,0,4,2,0,4,4,2,1,0,2,2,3,0,1,1,1,0,1,0,0,6,3,1,7,0,1,2,1,1,0,1,6,1,1,0,5,2,1,0,0,0,0,0,1,5,0
2015-03-21,1,3,0,6,2,1,0,0,5,2,2,0,1,1,0,0,1,1,2,1,6,2,0,0,0,1,2,4,4,0,1,0,3,4,0,0,2,3,0,0,0,4,1,0,0,1,0,0,2,1,2,3,3,2,0,0,1,0,1,1,2,5,0,2,1,5,1,3,3,3,0,2,2,0,1,1,0,0,0,1,5,2,1,2,3,1,2,1,1,3,0
2015-03-22,2,0,0,2,3,0,1,0,2,1,0,0,2,0,0,1,2,1,3,1,3,4,0,0,0,1,1,1,2,0,0,0,1,1,1,0,2,0,1,2,0,1,0,0,1,0,1,0,0,0,2,2,2,1,2,2,0,0,2,0,1,2,0,0,0,0,0,0,1,0,0,2,0,0,1,0,1,1,0,0,2,1,0,1,1,2,0,0,1,1,2
2015-03-23,6,2,2,2,0,0,0,2,4,1,0,3,3,0,1,1,1,3,4,2,6,4,0,0,2,1,4,3,1,1,0,1,0,1,1,0,0,4,1,1,1,5,0,1,1,2,0,1,2,2,2,3,3,2,3,2,0,1,2,2,3,1,2,1,0,2,2,3,1,2,0,0,1,1,2,0,0,1,0,3,2,1,0,0,0,0,2,0,1,0,1
2015-03-24,2,4,0,7,2,1,1,0,0,3,1,1,2,0,0,2,0,0,3,3,3,5,3,0,0,0,1,0,3,3,0,1,3,3,1,0,1,0,0,0,0,4,2,0,1,1,0,0,0,2,1,3,1,3,1,1,1,2,0,2,2,6,0,0,1,4,1,1,2,2,0,0,1,0,2,1,1,1,0,0,6,3,3,1,0,2,2,0,0,3,1
2015-03-25,2,2,1,3,1,0,1,0,3,3,2,0,2,0,2,1,1,0,6,0,3,3,3,0,0,0,2,0,3,1,1,0,1,3,0,0,2,1,3,1,0,1,2,0,2,0,0,1,0,3,2,1,2,2,0,1,0,3,0,4,1,2,3,2,2,2,1,0,2,1,2,1,1,1,1,0,1,0,2,0,2,3,0,0,0,0,1,0,2,0,1
2015-03-26,2,3,2,6,2,0,4,0,3,3,2,1,2,0,2,2,1,2,5,0,1,1,2,0,0,2,4,2,5,3,0,2,2,2,0,0,2,2,2,1,0,3,0,1,2,0,0,0,0,2,2,0,5,1,1,0,1,1,2,0,0,4,4,2,0,4,0,4,5,0,1,1,1,0,1,0,2,0,0,1,4,1,2,0,1,0,1,0,0,0,1
2015-03-27,4,1,1,3,0,0,2,0,1,3,1,0,3,0,1,1,2,1,2,6,7,4,0,1,0,5,3,3,1,4,3,1,1,2,3,0,2,1,2,1,0,3,1,0,0,2,1,2,2,0,1,3,4,1,2,0,2,2,0,3,2,4,1,1,0,0,8,1,6,2,4,4,2,0,2,4,1,1,1,2,2,0,0,3,0,1,3,0,1,2,4
2015-03-28,2,4,1,5,0,0,0,0,2,4,0,1,1,0,0,1,1,2,2,1,5,3,1,0,1,1,1,2,5,0,0,0,1,2,2,0,0,1,0,1,2,5,3,0,1,0,2,3,0,0,1,5,2,2,1,0,0,2,1,2,0,2,2,0,1,1,1,1,7,3,3,1,4,1,1,3,2,1,0,0,6,0,4,1,1,2,1,0,0,3,2
2015-03-29,3,0,1,7,2,0,0,0,5,3,2,1,3,0,3,0,2,2,1,3,4,1,1,1,0,2,5,0,1,1,3,2,0,4,0,1,1,2,4,0,2,1,2,0,0,1,1,1,2,0,1,4,4,3,1,1,1,3,1,1,0,2,0,0,0,3,1,0,1,0,0,2,1,0,0,2,4,0,1,0,2,1,1,0,1,2,2,0,0,5,0
2015-03-30,5,3,2,11,2,0,1,1,3,3,1,2,4,0,1,0,1,0,6,0,4,2,0,0,0,4,2,1,0,3,1,1,2,2,0,1,0,1,2,0,2,2,1,1,1,1,0,0,0,2,4,1,1,2,1,1,1,2,0,1,0,1,1,2,0,3,3,2,2,2,1,0,1,0,1,0,3,0,1,3,4,2,3,0,0,1,2,0,1,1,1
2015-03-31,7,4,0,6,2,7,0,0,4,1,1,3,4,0,0,1,1,1,3,3,3,4,2,2,0,3,2,0,2,1,1,0,7,2,1,0,1,2,2,0,2,3,1,0,4,0,3,0,0,1,1,3,3,1,2,0,2,4,0,1,1,2,3,0,0,2,0,0,8,3,2,0,1,4,0,2,0,0,1,2,7,1,1,2,0,0,0,0,1,2,2
2015-04-01,0,2,0,3,0,1,1,0,2,1,0,0,2,1,1,1,0,2,3,3,7,3,3,0,1,3,3,1,2,1,1,2,1,1,0,0,2,0,0,0,1,2,0,0,1,1,5,0,0,2,4,2,3,1,1,1,0,4,0,3,5,0,3,1,2,6,1,3,4,0,0,0,0,4,0,0,1,3,1,2,2,1,0,0,2,2,2,0,0,2,3
2015-04-02,3,4,1,4,2,1,3,0,2,4,3,1,4,0,1,1,3,1,1,4,3,8,1,0,1,2,4,3,4,3,0,1,5,1,1,1,3,1,1,0,0,1,1,0,1,2,2,3,2,0,1,0,2,4,1,1,2,2,1,0,1,1,1,0,1,6,0,1,1,1,2,0,0,0,0,2,3,1,0,1,5,0,1,1,0,1,7,0,0,1,0
2015-04-03,2,3,1,6,2,0,4,0,5,1,0,0,1,0,1,0,0,0,3,6,4,2,1,0,1,2,4,5,3,4,2,1,3,2,0,1,2,0,1,1,3,0,0,0,1,1,2,2,3,1,1,2,2,1,2,2,1,3,1,3,2,1,3,3,1,0,2,2,3,2,0,0,0,0,0,4,0,1,1,1,5,3,3,2,0,1,3,0,1,3,3
2015-04-04,1,2,1,4,1,0,2,1,1,3,3,0,2,0,1,0,1,0,4,5,3,2,1,0,0,2,3,2,5,2,4,2,2,4,1,0,1,2,1,2,1,3,1,0,4,1,2,1,2,4,2,4,1,3,0,0,2,0,3,2,2,1,0,1,2,6,2,1,7,1,1,0,1,1,1,3,1,1,4,1,9,2,1,1,2,2,2,0,1,4,2
2015-04-05,1,6,2,4,2,1,1,1,2,1,1,0,2,0,0,0,2,0,2,3,2,4,1,0,1,0,1,1,2,3,3,1,1,2,1,0,2,0,0,1,0,1,2,0,0,1,4,2,0,1,1,2,2,2,1,0,2,3,0,0,1,3,3,0,0,5,2,1,2,0,1,0,0,0,0,1,3,1,0,2,7,0,0,0,1,0,0,0,1,0,2
2015-04-06,1,4,3,4,1,2,2,0,4,5,1,2,3,1,1,0,0,2,1,3,4,1,2,1,2,1,3,2,3,1,1,0,4,5,1,1,2,2,2,3,0,4,2,1,1,1,1,1,2,2,0,5,2,1,1,1,0,4,0,2,3,2,3,1,0,1,0,3,2,2,1,0,0,0,1,1,1,1,0,2,6,0,1,1,1,1,5,0,1,3,2
2015-04-07,5,1,2,7,0,0,3,0,1,4,0,1,3,0,1,0,1,1,2,5,3,5,1,0,1,3,1,2,2,7,2,1,1,2,0,0,1,2,0,1,2,4,2,0,0,0,1,2,0,1,0,5,3,1,0,0,3,1,3,1,1,2,1,1,0,3,2,0,2,0,2,1,0,0,1,6,0,1,0,1,4,2,0,0,1,2,0,0,1,2,1
2015-04-08,3,3,4,3,2,1,3,1,3,1,0,0,2,0,2,0,1,1,5,3,3,7,2,0,0,1,3,0,5,1,1,0,1,4,1,0,2,0,0,2,2,4,2,0,3,3,1,0,1,0,0,3,2,3,0,1,1,3,1,1,1,0,2,1,0,4,0,0,2,2,0,0,0,0,1,1,0,0,1,4,8,3,0,1,0,0,1,0,1,0,1
2015-04-09,4,1,2,4,1,1,1,0,3,0,0,1,3,0,2,1,0,0,2,1,2,2,0,1,1,1,1,0,2,4,6,2,1,6,0,0,1,0,0,0,1,7,0,0,4,3,0,2,1,0,2,3,2,2,2,0,0,1,3,1,1,2,1,0,0,1,3,2,2,1,1,0,0,0,0,2,1,0,1,1,2,1,1,0,2,2,2,0,1,0,1
2015-04-10,1,1,2,1,0,0,0,0,1,4,0,0,2,0,1,0,2,0,5,2,4,5,2,0,1,1,3,1,4,3,1,0,4,4,0,1,1,2,2,1,3,3,2,0,0,0,1,2,1,1,0,3,1,6,1,1,1,1,1,1,1,2,2,1,2,3,1,0,4,1,3,1,1,0,1,2,2,1,2,0,3,6,0,2,1,0,5,1,0,2,1
2015-04-11,7,3,3,3,1,1,3,0,1,1,1,1,1,0,1,0,1,0,3,2,6,3,1,0,1,2,2,3,5,0,1,0,0,2,0,0,4,1,1,0,2,7,2,0,0,1,0,1,1,2,3,3,1,4,0,1,1,2,1,0,4,2,2,0,3,2,1,0,4,1,2,2,2,2,0,4,1,1,0,1,5,2,0,0,3,2,4,0,2,3,1
2015-04-12,2,3,1,3,0,0,2,0,2,2,0,0,3,0,2,1,1,2,7,5,3,3,2,0,1,3,3,1,2,2,1,0,3,3,0,0,1,1,0,1,1,0,4,0,0,1,0,0,0,1,1,2,3,3,0,0,2,0,0,0,0,1,1,0,1,4,1,1,4,3,0,0,1,0,2,0,2,1,2,0,1,3,1,1,0,0,1,1,0,2,2
2015-04-13,5,3,0,1,2,1,3,0,3,7,1,1,1,0,2,2,0,1,2,3,1,1,2,0,0,2,3,1,6,1,2,0,0,0,0,0,1,0,3,0,2,4,1,1,3,1,1,0,2,1,1,2,3,5,0,1,0,0,1,2,1,0,1,1,0,4,1,1,6,2,0,1,2,1,1,3,1,3,0,0,6,3,3,2,1,0,2,1,2,2,1
2015-04-14,3,1,2,2,1,1,1,0,2,4,1,0,2,0,0,0,1,8,1,5,4,4,2,0,0,1,3,2,1,1,2,0,3,3,3,0,2,1,1,1,0,3,1,1,2,0,3,1,1,0,3,4,2,4,0,1,0,1,1,5,2,1,2,1,1,3,0,2,4,0,1,2,0,0,1,3,0,0,2,0,6,0,0,2,3,0,4,0,0,2,2
2015-04-15,2,5,1,6,1,2,1,0,3,3,1,0,2,2,0,0,0,4,2,2,2,6,2,0,2,2,2,2,4,5,1,0,3,1,2,0,2,0,0,3,1,2,1,0,0,2,2,4,0,2,2,1,2,4,2,1,0,1,0,0,2,5,1,0,2,5,1,1,1,2,3,0,1,2,1,2,2,3,2,1,2,4,1,1,1,1,2,0,2,2,2
2015-04-16,2,3,1,7,1,0,2,0,1,3,2,0,1,0,2,1,2,0,5,2,2,4,2,0,0,0,2,0,5,2,0,0,4,4,0,0,0,0,2,0,1,3,1,0,2,2,4,0,0,2,2,2,2,1,1,0,0,4,0,0,2,4,0,0,2,3,0,0,2,0,1,0,0,1,1,0,0,2,0,1,3,1,3,2,1,1,0,0,1,5,1
2015-04-17,4,3,1,3,1,0,2,1,3,4,1,0,1,0,1,1,1,1,4,1,5,5,2,0,2,3,4,0,5,2,1,1,1,3,0,2,1,1,0,2,0,4,3,0,2,1,2,1,2,2,0,3,1,2,2,1,1,2,2,1,4,3,3,1,1,5,3,2,3,2,2,2,1,1,0,1,1,1,0,0,4,2,2,0,1,0,3,0,2,2,4
2015-04-18,5,2,1,8,1,1,3,1,0,3,2,1,0,0,0,1,1,1,2,2,6,4,1,0,2,2,2,0,3,0,0,2,1,6,0,1,3,2,1,0,0,2,3,0,1,1,0,1,1,2,0,1,0,3,1,1,0,2,1,1,1,1,3,1,1,5,0,0,3,0,2,0,0,2,4,0,1,0,0,0,4,4,2,1,0,2,3,0,1,3,1
2015-04-19,1,3,0,5,0,0,2,0,0,5,2,0,1,0,0,0,1,2,3,1,4,1,1,0,0,1,2,1,5,3,1,0,1,1,1,1,0,0,2,2,0,2,0,0,0,0,1,1,4,0,0,1,0,3,5,1,0,1,1,1,1,2,2,0,1,2,2,0,0,0,0,0,0,1,0,3,1,0,1,0,1,0,0,0,0,0,0,0,0,3,1
2015-04-20,2,3,0,11,2,1,1,0,1,3,0,1,2,0,2,3,1,1,6,1,4,2,3,0,2,1,5,3,3,1,0,0,1,4,0,0,1,2,2,1,3,3,4,1,2,1,1,0,3,3,1,5,1,1,2,0,1,1,0,1,3,0,1,0,0,2,1,3,5,0,0,0,0,0,1,2,0,3,1,1,3,4,2,2,0,1,1,0,1,1,3
2015-04-21,2,5,0,3,0,0,1,1,3,1,3,0,1,0,3,1,1,1,6,3,5,7,1,1,1,0,1,4,0,1,0,1,2,5,1,2,1,1,1,0,3,2,2,0,2,0,2,2,0,3,1,3,0,0,4,2,1,1,1,1,4,1,2,1,1,2,2,1,2,1,1,1,1,1,0,1,1,0,1,0,4,1,1,0,0,0,1,0,1,2,0
2015-04-22,2,2,0,4,1,0,0,2,3,2,0,0,1,1,6,0,2,3,2,4,4,4,1,2,0,4,1,0,3,0,2,1,3,4,0,1,1,2,1,0,0,0,4,0,2,2,1,2,1,2,2,3,2,2,0,1,2,3,0,0,1,3,2,0,0,0,3,2,1,1,2,0,1,2,1,1,1,1,0,1,6,2,1,0,1,0,1,0,0,2,0
2015-04-23,3,4,1,5,1,0,2,1,4,3,2,0,0,1,1,1,0,3,2,2,6,4,0,1,0,1,2,0,2,4,3,2,7,3,0,0,1,0,0,0,0,4,0,0,3,0,2,0,1,3,1,3,3,1,3,0,0,1,1,2,3,2,2,1,0,2,4,1,4,1,1,0,1,0,1,0,2,2,1,0,0,1,1,1,2,2,1,1,1,4,2
2015-04-24,4,5,0,8,2,0,2,0,3,3,2,0,3,1,4,3,1,3,3,2,4,7,2,1,1,2,2,0,3,2,0,0,2,3,0,1,3,0,1,2,2,2,1,0,0,1,1,2,1,0,4,4,1,1,3,1,2,2,2,2,2,3,0,2,1,1,1,1,10,0,2,0,0,1,0,3,1,3,0,0,6,3,1,0,3,2,6,0,2,3,1
2015-04-25,6,8,1,6,0,0,2,0,2,1,1,0,1,0,2,0,1,1,4,0,5,1,2,0,1,1,1,1,3,2,2,1,2,1,0,0,2,2,0,1,0,1,1,0,1,1,0,0,3,0,1,1,0,2,2,1,2,1,1,3,1,9,1,0,1,4,2,1,4,0,0,0,0,3,1,0,1,0,1,0,4,0,1,1,0,0,2,0,0,1,3
2015-04-26,0,2,0,3,1,0,1,0,2,0,0,1,0,0,1,1,2,2,1,2,2,5,4,0,0,1,2,3,5,1,0,0,3,2,1,0,3,0,0,0,0,2,1,0,1,2,0,0,2,0,0,2,3,1,1,0,1,2,2,0,0,2,2,0,1,1,1,3,3,3,0,0,0,3,1,2,4,0,1,1,3,2,1,0,1,1,0,0,3,0,1
2015-04-27,5,6,1,8,1,3,3,0,3,1,2,0,3,0,0,1,0,1,3,3,1,2,0,0,1,1,3,1,6,3,1,1,5,3,0,1,0,1,1,0,0,3,1,0,2,1,1,0,0,2,1,2,2,5,1,0,0,3,1,1,0,3,1,2,1,4,0,0,0,0,1,0,1,3,2,1,1,0,1,0,2,1,3,0,0,1,1,0,1,2,0
2015-04-28,2,3,3,3,1,0,0,0,1,2,2,0,0,1,0,0,0,0,4,0,4,2,2,0,0,3,5,1,1,3,3,2,2,3,0,1,1,2,0,1,1,1,0,0,1,1,1,0,1,0,3,0,0,2,0,3,1,0,0,2,2,0,0,0,0,1,2,0,0,2,1,1,0,1,2,5,2,2,0,1,2,0,0,0,0,1,0,0,2,3,2
2015-04-29,0,3,0,4,2,0,5,0,5,1,1,1,2,0,2,1,1,1,1,2,2,1,2,0,0,0,1,1,4,1,0,1,2,2,1,0,0,3,1,0,0,3,1,0,1,1,1,1,0,0,3,2,2,1,1,0,1,0,0,2,1,2,1,0,1,2,3,1,2,2,0,0,0,1,1,2,1,0,1,3,0,1,0,0,3,2,3,0,1,3,0
2015-04-30,7,1,0,6,2,0,1,0,2,3,0,2,4,0,2,0,0,3,3,2,2,6,5,0,3,3,3,2,3,1,1,1,2,4,0,0,1,0,0,0,1,3,1,2,3,2,0,0,4,3,2,5,3,0,2,1,0,2,3,2,2,3,0,2,1,6,2,2,2,1,2,2,1,3,0,3,2,2,1,1,3,0,2,1,2,0,3,0,0,0,0
2015-05-01,2,2,2,1,1,1,2,1,5,5,1,1,1,0,3,2,0,3,4,2,6,4,0,0,0,1,3,2,2,2,2,1,2,2,1,1,3,0,2,2,2,2,0,0,0,0,1,2,0,2,3,4,3,4,1,2,3,1,1,2,1,2,0,0,0,3,3,0,1,0,4,1,1,0,1,3,1,0,2,2,5,3,2,1,2,1,1,0,2,2,2
2015-05-02,0,3,3,7,1,0,0,1,1,6,2,1,3,0,2,4,1,2,5,5,2,4,3,0,0,4,0,2,5,2,1,1,0,4,0,0,4,1,1,1,1,0,1,0,1,2,0,1,2,3,2,3,1,3,1,3,2,0,1,1,0,1,1,1,0,0,1,1,5,1,1,0,0,4,0,2,4,0,2,1,6,2,3,1,0,0,3,0,0,2,0
2015-05-03,3,1,1,6,2,0,1,0,4,1,2,0,4,0,0,0,2,0,1,0,3,1,2,0,0,5,3,1,3,2,1,0,3,2,1,1,0,0,0,0,1,0,1,0,0,1,0,0,1,2,4,3,2,1,1,1,0,0,2,0,1,0,0,0,0,3,3,0,6,0,1,2,0,2,1,2,3,1,1,2,1,0,2,0,1,0,1,0,2,2,1
2015-05-04,3,4,1,6,4,0,2,0,2,1,2,1,4,0,1,1,1,2,3,3,6,4,2,0,1,1,2,2,2,1,4,1,1,2,1,1,0,1,2,0,0,0,1,1,2,1,1,2,0,1,4,4,3,2,2,0,2,0,2,0,1,1,0,0,1,4,2,1,5,1,4,1,0,2,1,0,1,1,0,0,2,1,2,0,2,1,0,0,0,1,3
2015-05-05,2,3,1,3,0,0,0,0,3,1,0,2,1,0,1,0,2,1,3,2,2,3,2,1,0,2,4,2,6,0,1,0,1,2,0,0,4,1,0,0,3,2,1,0,1,1,1,0,0,1,1,2,2,1,1,0,0,0,0,1,0,0,1,1,1,1,1,0,4,0,1,1,2,4,2,1,1,0,1,0,3,2,2,0,0,1,1,0,0,1,1
2015-05-06,2,7,1,5,0,0,1,0,2,7,0,1,4,0,0,0,0,1,2,4,2,4,2,0,0,1,2,2,3,2,1,0,5,4,1,0,1,0,0,1,1,4,0,0,1,1,0,4,1,3,1,1,1,1,0,1,0,1,3,0,0,3,1,1,3,3,2,2,2,1,1,3,2,3,3,1,0,1,3,0,5,0,0,0,0,0,2,0,1,3,2
2015-05-07,5,2,3,6,5,2,2,0,3,1,2,0,1,0,0,1,0,1,2,1,5,2,2,0,0,2,2,1,2,1,0,1,4,3,0,1,3,1,1,1,0,3,1,1,1,2,2,0,3,0,2,1,3,1,1,1,1,1,0,1,1,2,2,1,1,2,0,2,3,1,1,0,3,1,2,1,1,0,3,0,5,0,1,0,0,0,2,1,0,0,1
2015-05-08,1,2,2,10,0,0,0,3,6,1,3,0,2,0,0,2,0,4,3,1,3,9,2,0,0,3,3,0,2,2,2,1,2,2,0,2,3,0,0,1,2,7,1,0,3,0,4,2,3,1,4,5,2,4,1,1,2,1,2,2,2,2,2,2,0,7,0,0,6,2,0,1,2,2,3,2,1,1,1,1,6,2,0,2,1,1,3,0,1,2,2
2015-05-09,3,4,3,6,1,1,0,0,6,4,1,0,2,0,0,0,1,2,4,2,3,5,4,0,2,2,3,2,1,0,2,2,1,3,0,0,2,3,0,1,0,1,1,0,1,1,0,2,0,3,6,3,3,0,0,0,0,1,1,3,2,1,1,2,1,2,0,1,4,0,0,0,0,1,0,2,1,3,0,2,4,0,1,1,1,1,5,0,1,3,2
2015-05-10,2,3,1,6,2,2,5,0,1,2,1,0,0,0,0,1,0,1,1,2,4,4,2,0,0,2,5,2,1,1,2,1,3,0,0,1,1,3,1,2,4,4,1,0,2,0,1,3,3,0,1,4,5,2,2,0,1,0,1,3,1,2,0,1,2,0,2,2,2,2,0,2,2,2,1,2,1,0,1,1,2,1,1,0,2,1,3,0,1,1,1
2015-05-11,5,5,2,8,3,1,1,0,1,4,1,0,2,0,1,0,0,3,4,4,8,3,4,1,2,2,0,1,3,2,0,3,1,5,0,1,1,0,3,2,0,0,0,0,1,0,2,0,1,1,1,1,1,1,3,0,3,0,0,2,2,1,3,1,1,1,0,5,3,4,1,1,1,1,1,2,0,1,0,2,3,1,1,0,1,1,1,0,0,1,0
2015-05-12,2,2,1,4,2,0,1,2,3,2,1,1,1,1,1,2,1,1,3,2,5,2,3,0,3,0,3,0,3,0,1,5,2,1,0,0,3,0,0,4,2,2,0,0,1,3,2,0,0,3,3,4,5,2,0,1,1,2,1,3,2,1,1,0,1,3,1,1,4,2,0,1,0,1,2,0,1,0,1,1,2,1,0,2,1,2,3,0,0,4,1
2015-05-13,1,1,2,9,2,2,1,0,5,3,0,1,2,0,1,2,0,0,3,2,4,5,4,0,1,1,2,1,3,1,2,0,4,2,0,0,2,1,0,0,0,0,2,0,0,1,0,1,0,2,1,3,4,2,0,0,1,2,2,1,1,2,3,1,1,1,1,2,7,0,2,3,0,0,3,0,2,0,0,1,4,1,2,0,1,2,2,0,1,1,1
2015-05-14,2,4,3,5,0,0,2,0,5,6,2,0,3,0,0,1,1,2,6,2,5,5,2,0,2,3,5,1,4,3,1,0,0,3,2,1,0,0,1,0,0,3,1,1,1,1,3,2,2,2,4,3,0,5,0,1,0,3,1,2,2,1,2,2,1,3,1,2,6,1,2,1,1,0,0,1,2,0,0,2,7,1,1,1,1,2,1,0,1,0,2
2015-05-15,4,2,1,9,4,0,4,0,2,1,0,0,2,1,3,2,0,0,5,5,7,9,2,0,0,3,6,1,7,5,1,1,0,2,2,1,2,3,2,2,1,1,3,0,0,4,2,0,2,1,3,9,6,6,1,1,0,3,3,5,3,4,3,2,0,3,1,1,4,3,0,2,3,1,2,2,1,0,2,3,8,2,1,0,0,1,1,0,3,0,0
2015-05-16,7,2,3,3,0,0,2,1,1,2,0,0,1,1,0,0,1,1,6,4,3,3,0,1,0,0,1,1,4,1,0,0,3,2,0,0,0,1,3,1,0,2,0,2,1,3,3,2,0,4,5,4,2,1,0,0,3,0,0,3,3,2,0,1,2,3,3,0,1,4,2,0,2,1,1,3,3,0,0,1,4,3,3,2,0,1,0,0,2,0,1
2015-05-17,0,3,2,5,3,2,0,0,2,1,1,1,0,0,3,0,0,1,6,1,4,1,1,0,1,2,2,0,2,0,0,1,4,5,0,0,0,1,0,0,0,2,1,0,1,1,0,2,1,1,1,2,2,2,1,0,1,2,1,0,3,1,1,1,0,3,1,0,3,2,3,1,0,0,1,3,1,0,0,1,3,0,0,0,0,1,0,0,2,2,0
2015-05-18,4,2,1,6,0,0,2,0,3,1,1,0,0,1,1,0,1,3,3,3,4,7,0,0,0,2,1,1,2,2,2,0,1,3,0,1,0,0,1,1,0,1,1,1,1,2,3,0,1,2,1,1,4,2,1,0,1,0,0,3,2,2,1,1,0,2,2,1,4,0,0,1,1,1,2,2,1,4,0,2,5,2,5,0,1,1,1,0,1,2,2
2015-05-19,4,4,0,12,2,0,1,1,5,1,2,0,2,1,3,0,0,3,2,1,3,1,4,0,0,1,3,0,1,1,1,0,3,3,0,0,0,1,0,2,0,2,0,1,0,1,2,0,1,1,2,3,0,0,1,0,2,2,2,0,0,2,1,0,1,2,1,0,4,0,0,1,0,1,1,1,1,0,1,1,2,1,1,0,0,1,3,0,3,1,1
2015-05-20,4,2,1,1,1,0,3,0,2,4,0,0,2,0,0,0,2,3,4,3,3,3,5,0,1,3,7,2,1,1,2,0,1,2,2,0,2,0,3,0,0,5,0,0,0,2,1,1,0,1,1,4,3,4,2,0,2,0,0,2,2,1,1,2,0,3,2,0,4,1,1,3,0,4,2,1,2,0,0,2,3,0,0,0,1,0,3,0,1,1,3
2015-05-21,5,2,1,4,3,1,4,1,3,2,0,0,1,0,0,0,0,0,4,0,3,3,1,0,0,2,1,0,3,1,1,2,3,3,2,1,0,1,1,1,2,2,2,0,3,0,0,1,3,5,1,2,2,2,1,1,0,0,1,0,1,3,0,0,0,5,0,1,7,1,0,0,0,0,2,2,0,2,2,0,1,2,1,1,0,0,1,0,1,1,1
2015-05-22,6,2,1,3,2,1,1,0,0,4,0,1,2,1,2,0,3,4,6,0,6,4,2,2,1,1,3,0,1,4,1,1,1,5,0,1,2,1,2,0,0,2,0,0,3,1,1,1,1,4,3,6,0,1,2,1,2,0,1,1,2,1,0,0,0,6,1,1,3,2,3,0,1,0,4,2,0,1,2,2,7,0,2,2,0,2,0,0,1,1,1
2015-05-23,3,0,3,11,1,1,2,1,2,4,1,2,2,1,1,3,0,1,4,3,1,4,2,1,0,2,1,2,2,3,1,0,2,5,1,0,0,2,0,1,0,2,1,1,0,1,3,1,0,2,3,3,2,1,1,0,0,1,3,1,4,4,1,1,0,4,0,1,4,2,0,2,0,0,3,2,0,3,0,0,4,2,0,0,0,2,3,1,1,2,0
2015-05-24,0,2,1,7,3,0,1,0,5,3,0,0,1,0,0,1,0,0,2,1,3,5,2,0,0,3,6,1,2,1,0,1,2,3,0,1,1,0,0,1,2,3,2,0,2,1,4,2,1,1,2,2,2,1,1,1,0,3,0,2,2,2,2,0,3,4,0,0,3,0,0,0,1,0,1,3,2,2,1,0,5,2,4,0,1,0,1,0,0,1,3
2015-05-25,2,3,2,4,0,1,4,1,4,1,3,0,0,3,0,0,0,1,4,0,4,2,3,1,0,1,0,2,1,3,0,1,6,3,1,0,1,0,1,1,1,1,3,0,2,2,0,2,0,1,1,2,1,0,1,1,2,2,1,2,1,1,3,2,1,2,1,0,4,0,1,0,1,0,0,2,3,2,0,1,2,0,0,0,1,1,3,0,1,2,1
2015-05-26,5,6,1,4,0,0,1,1,1,1,1,0,4,1,0,1,1,1,2,4,5,6,3,0,2,2,5,2,1,1,1,0,2,1,1,0,0,0,2,5,0,1,0,1,0,0,0,1,0,2,0,2,3,0,2,0,3,1,1,0,0,0,0,1,0,0,1,0,4,0,1,2,0,1,0,1,1,1,0,0,2,0,1,1,0,2,2,0,0,2,1
2015-05-27,1,3,0,8,1,0,1,0,2,4,3,0,4,0,2,1,0,1,2,3,4,3,1,0,4,2,2,1,3,1,1,0,5,6,0,0,3,0,0,1,1,1,0,0,0,0,0,2,0,0,2,0,2,2,2,0,1,1,1,2,0,2,2,0,0,5,1,1,1,0,0,1,0,0,0,2,2,0,2,0,5,1,0,0,0,2,5,0,0,2,0
2015-05-28,2,4,0,5,0,1,3,0,0,0,1,1,0,0,4,0,1,3,1,0,6,2,2,1,0,1,1,2,1,2,3,0,0,1,1,0,3,1,1,0,0,1,3,1,3,1,2,0,0,0,0,1,2,1,0,0,2,1,1,2,3,3,3,0,1,4,2,0,4,0,5,0,1,1,3,0,2,0,1,1,2,1,3,0,2,1,1,0,1,0,1
2015-05-29,3,4,1,9,2,1,2,0,6,2,0,0,3,0,2,1,0,2,6,0,7,2,0,0,3,3,4,0,3,4,1,3,4,1,0,2,4,1,2,2,2,4,0,0,3,0,0,1,3,2,3,3,7,4,4,2,3,3,2,5,1,3,2,0,2,5,0,1,2,2,2,1,0,2,1,2,0,0,1,2,1,1,2,1,0,1,1,0,0,4,0
2015-05-30,6,4,2,10,1,0,1,0,3,2,1,2,4,0,1,2,0,1,2,3,2,4,2,0,0,1,3,1,0,4,1,1,4,3,2,0,1,1,2,0,1,1,1,0,3,0,2,0,1,1,3,4,3,2,1,3,0,4,0,3,1,1,1,1,0,3,1,0,3,0,4,1,2,0,2,3,1,2,1,1,5,1,2,0,0,0,1,0,0,1,2
2015-05-31,0,2,1,7,0,3,1,0,1,1,0,0,1,0,1,0,1,0,2,2,1,1,3,1,0,1,2,1,3,0,2,0,3,2,0,0,0,1,1,0,1,4,0,3,0,2,4,1,0,2,5,1,2,0,1,1,0,2,5,0,1,2,0,1,0,5,3,0,2,1,0,1,0,0,2,0,1,0,0,0,3,1,1,0,2,1,0,1,1,0,0
2015-06-01,1,8,5,4,4,2,3,1,1,3,2,0,2,0,1,0,1,2,2,2,5,7,5,0,2,2,0,1,4,3,5,0,2,4,2,1,2,0,2,0,4,5,1,0,0,1,3,1,5,3,1,2,2,2,1,1,1,2,0,3,2,3,3,1,0,5,4,0,2,1,3,0,0,2,4,3,0,2,2,0,5,1,2,1,0,0,4,0,1,2,2
2015-06-02,3,3,0,4,1,0,0,1,7,4,4,1,0,1,1,0,2,0,1,4,5,4,2,0,0,6,1,1,1,2,1,2,4,3,1,0,2,0,0,0,0,4,1,0,0,1,0,2,2,3,2,4,0,2,4,1,1,0,1,3,5,2,1,1,1,5,1,2,2,2,1,2,0,0,4,2,0,1,0,1,2,0,1,3,0,1,0,0,2,2,0
2015-06-03,2,2,2,1,0,1,1,0,5,4,0,1,3,1,0,1,0,1,4,3,3,4,0,1,1,1,2,0,1,1,2,2,0,3,0,2,0,0,0,1,0,5,0,0,1,1,1,1,0,0,2,0,1,3,0,1,1,0,1,3,3,1,2,1,2,0,1,0,2,0,1,1,1,1,1,1,4,2,1,0,2,3,0,0,0,1,0,0,2,0,3
2015-06-04,1,2,0,8,2,1,0,1,3,2,2,0,2,0,0,0,1,2,4,6,4,4,1,0,2,5,3,1,3,2,1,1,2,3,1,0,1,0,1,0,1,3,0,0,1,3,1,1,2,2,3,2,1,5,4,2,2,1,0,2,0,3,1,0,1,2,2,3,3,0,0,2,0,1,1,0,1,0,1,1,4,1,0,1,2,0,0,0,1,0,2
2015-06-05,2,6,0,6,2,0,1,1,4,5,1,0,1,0,0,3,0,2,3,3,5,8,3,0,0,2,2,1,2,3,0,1,5,2,4,0,3,0,0,0,0,2,2,0,1,3,2,2,1,2,3,3,0,1,3,0,3,1,0,0,1,1,1,0,1,1,3,1,4,2,1,2,2,0,1,2,1,2,2,2,6,1,0,0,1,0,4,0,2,4,1
2015-06-06,2,4,1,7,1,1,1,0,3,1,1,0,4,0,3,3,0,1,4,0,5,4,2,0,0,0,3,2,1,2,1,2,4,1,1,0,3,1,3,2,0,0,1,3,3,3,3,2,0,1,2,3,0,1,1,1,3,2,0,1,1,2,0,1,0,1,1,1,4,2,2,2,0,1,2,0,0,0,0,2,1,1,1,1,0,0,2,0,1,2,1
2015-06-07,0,1,2,8,2,1,1,0,3,1,2,0,1,0,1,1,3,0,2,0,7,1,0,0,0,1,1,2,2,3,0,0,2,6,0,0,0,0,0,0,0,2,2,0,2,1,0,1,0,2,2,2,2,5,1,0,2,3,1,0,1,1,2,1,0,4,2,1,3,3,1,0,1,3,0,1,0,0,0,1,3,1,0,3,0,0,1,0,0,1,1
2015-06-08,3,4,0,7,1,1,2,0,3,5,0,1,3,0,1,1,0,0,3,1,3,4,0,0,1,1,3,3,4,2,0,0,0,4,0,0,2,1,1,0,1,1,3,0,2,0,0,4,0,1,1,3,5,0,0,0,1,1,1,1,1,1,3,0,1,3,4,0,3,3,1,2,0,1,0,4,1,1,0,2,6,2,1,1,0,0,2,0,1,2,0
2015-06-09,2,5,1,4,3,0,2,0,1,4,0,0,0,0,1,0,2,1,2,3,4,3,1,0,1,0,3,2,1,6,2,1,2,4,3,0,2,0,0,2,3,3,1,0,4,1,4,2,2,2,1,1,1,3,1,0,1,1,2,2,2,1,1,0,2,2,2,1,1,2,0,1,0,2,4,0,4,0,0,0,8,0,3,1,1,0,0,0,3,0,3
2015-06-10,3,5,1,7,0,2,3,1,3,2,2,0,2,0,1,0,1,2,4,1,4,7,2,0,0,3,1,2,3,1,1,1,0,1,0,0,3,2,1,0,0,1,1,0,1,0,1,1,2,1,1,1,1,3,1,0,4,4,3,1,1,4,0,0,0,1,1,1,3,0,0,2,0,0,0,1,1,1,1,1,0,1,0,1,0,1,1,0,1,1,1
2015-06-11,2,5,0,3,0,2,2,0,0,3,2,1,4,1,0,2,0,3,2,1,6,5,3,0,0,1,5,1,4,3,0,0,2,3,2,1,0,1,2,2,1,3,1,2,5,1,1,1,1,1,5,2,3,4,1,2,1,4,2,6,2,4,0,0,0,2,1,1,3,1,0,1,1,0,1,1,1,1,0,1,1,1,1,0,0,2,5,0,1,4,1
2015-06-12,1,2,1,5,1,1,4,1,4,2,1,1,4,0,2,1,1,2,1,1,3,1,0,1,0,2,3,2,4,0,0,1,4,3,1,0,0,0,0,2,0,3,5,0,2,3,1,1,2,2,1,4,0,1,1,1,0,1,0,1,2,4,3,0,0,2,1,0,2,2,2,1,1,1,2,0,2,0,2,0,3,1,2,0,0,1,1,0,0,2,2
2015-06-13,0,3,0,5,0,1,1,0,1,3,3,1,3,0,0,0,0,2,3,7,2,2,2,0,2,6,4,3,3,7,3,2,0,3,0,0,2,0,1,2,0,8,3,0,2,2,1,3,2,1,0,3,0,1,1,1,4,0,0,2,1,3,1,1,1,3,0,1,4,0,1,2,1,1,0,3,0,2,0,1,4,3,1,0,1,1,0,0,2,2,2
2015-06-14,2,6,1,4,0,0,1,0,2,1,0,0,0,0,0,0,0,0,6,0,5,5,3,0,2,1,4,0,0,2,0,0,0,1,0,0,3,0,1,0,1,0,1,0,2,0,1,1,1,1,0,4,5,1,1,2,2,3,1,1,0,0,1,0,3,1,1,0,3,1,1,1,1,0,0,1,0,3,1,4,3,1,1,0,1,0,2,0,3,0,2
2015-06-15,4,3,2,2,4,1,2,0,6,4,2,0,1,0,0,0,0,1,4,2,3,5,0,0,2,0,4,0,5,0,0,1,2,6,0,1,2,1,3,3,1,3,1,1,1,1,2,1,2,0,2,3,1,2,3,0,1,1,1,1,4,1,3,0,1,5,0,1,2,0,1,2,2,1,2,2,1,2,0,4,3,0,0,3,1,1,2,0,1,2,1
2015-06-16,2,0,0,5,1,1,1,1,1,5,0,0,1,0,0,0,0,1,2,5,7,2,1,0,2,2,0,3,0,0,0,0,0,3,0,0,0,0,0,0,2,1,2,0,3,5,1,0,0,1,1,3,0,1,1,0,1,1,2,3,1,3,3,2,1,0,0,1,2,1,2,2,0,1,2,2,2,0,0,2,3,1,3,0,1,0,4,0,1,0,2
2015-06-17,1,2,0,3,3,2,2,1,5,4,1,2,3,1,0,0,2,1,0,2,4,2,2,0,3,1,3,3,4,2,1,0,1,2,0,0,1,1,1,1,1,5,0,0,0,3,2,2,0,1,0,0,1,2,1,1,0,1,0,2,1,3,0,0,0,1,1,3,4,3,0,0,0,1,1,4,0,1,0,0,7,2,0,1,0,0,2,0,0,1,1
2015-06-18,8,0,0,5,1,2,1,1,2,0,2,0,2,0,0,2,1,0,1,1,2,2,1,1,0,3,2,0,3,1,0,2,3,1,0,0,1,1,3,0,0,3,1,0,2,1,4,0,2,1,0,1,0,1,1,0,0,0,0,1,4,2,1,0,1,5,1,0,6,1,3,0,0,0,0,2,0,2,0,0,1,3,1,1,1,1,1,1,2,3,0
2015-06-19,3,3,2,4,4,1,1,0,1,6,4,0,6,0,4,2,1,2,5,0,4,3,2,1,1,3,3,1,3,5,2,1,3,7,1,0,1,0,0,2,0,0,0,1,0,1,0,1,0,2,3,1,1,2,1,2,0,3,1,3,3,1,2,0,0,2,2,1,3,3,0,3,0,4,0,3,5,2,3,1,5,2,2,0,1,0,1,0,3,0,1
2015-06-20,0,1,2,3,0,1,0,1,1,1,2,1,1,1,1,2,1,0,2,5,9,3,1,2,0,0,2,2,2,2,3,0,1,2,0,1,1,0,0,1,1,0,2,0,1,0,7,3,0,0,1,2,2,2,2,1,0,2,1,3,3,4,1,1,0,1,3,2,1,1,0,0,0,2,0,0,1,1,0,0,5,3,3,2,0,1,2,0,1,1,1
2015-06-21,1,0,0,8,1,0,4,0,4,0,1,0,4,0,2,1,0,0,2,2,3,3,0,0,1,0,2,1,1,2,0,1,1,1,0,0,1,1,2,0,1,4,0,0,1,2,1,1,0,4,3,4,1,3,2,0,0,2,2,1,2,0,1,2,0,2,1,2,5,0,0,1,0,0,2,1,1,1,0,1,3,0,0,0,3,0,0,1,0,3,1
2015-06-22,5,1,1,4,1,1,2,0,3,3,4,1,2,0,3,0,0,1,4,2,1,2,3,1,1,1,2,2,3,1,1,0,5,4,0,0,2,1,1,1,1,5,1,1,1,1,1,2,0,2,0,2,2,3,2,1,2,1,2,0,3,3,0,0,0,2,2,1,3,2,1,0,2,4,0,1,0,0,0,1,5,0,1,1,1,1,2,0,0,2,2
2015-06-23,2,1,0,3,0,2,2,0,4,5,1,0,3,0,0,3,2,2,4,0,5,0,1,0,0,1,4,4,1,2,0,2,1,4,0,0,4,2,0,0,0,1,0,0,1,1,1,1,0,2,4,4,1,1,2,0,0,1,1,2,2,2,1,0,0,1,1,2,3,0,0,2,0,0,1,1,2,2,1,3,7,1,2,0,1,0,0,0,0,1,0
2015-06-24,4,5,2,6,4,0,1,0,3,0,1,0,2,0,2,0,1,2,1,4,3,2,1,1,0,1,2,0,1,2,2,0,4,4,0,0,2,0,1,0,2,2,2,1,0,0,2,2,1,1,4,2,3,1,3,1,1,3,0,2,0,0,1,0,0,2,3,1,4,0,1,0,1,1,0,1,2,0,3,1,6,3,0,1,0,0,4,0,1,2,2
2015-06-25,1,2,1,3,1,1,0,0,2,2,2,0,2,0,1,1,0,0,5,3,5,5,2,0,0,2,4,2,2,4,0,0,0,3,2,1,0,0,0,0,1,2,2,0,2,1,4,2,4,4,1,1,1,2,2,1,0,0,0,0,0,4,4,1,1,5,0,1,4,2,3,0,1,3,2,3,3,0,0,1,7,2,1,2,0,3,0,0,2,2,2
2015-06-26,3,5,2,3,0,1,1,0,3,6,0,1,3,0,1,2,1,1,4,2,4,5,3,0,1,1,2,2,1,2,1,2,1,5,2,0,1,1,1,3,1,2,2,0,4,3,1,2,0,1,5,3,2,0,1,0,3,2,2,2,2,4,3,1,1,7,1,0,4,2,0,2,0,3,2,1,2,0,0,1,5,2,0,2,0,1,2,0,1,0,1
2015-06-27,6,2,4,4,1,1,1,3,4,5,2,0,1,2,1,2,3,0,8,2,4,5,0,0,2,0,3,3,1,1,2,1,1,3,2,0,2,1,1,0,0,1,0,1,3,1,5,0,3,3,4,1,3,4,0,1,2,1,2,0,6,2,1,1,0,2,0,1,4,2,5,1,2,2,1,1,1,0,2,1,6,0,0,1,0,1,3,0,3,3,2
2015-06-28,0,3,2,5,0,1,2,1,1,2,1,0,0,0,1,0,0,0,2,2,3,1,1,1,0,1,0,2,3,5,1,2,0,4,0,1,0,0,0,0,2,2,0,0,0,1,0,0,1,2,1,0,1,3,1,0,1,1,0,0,1,0,2,0,0,3,1,0,1,1,1,0,2,0,2,0,1,1,1,1,5,0,0,0,2,0,1,0,1,2,2
2015-06-29,1,2,3,5,0,2,2,0,0,3,4,0,0,0,1,0,1,2,3,3,3,3,2,1,0,3,2,1,4,2,1,1,1,5,0,1,1,1,2,1,0,2,1,0,2,1,1,0,2,1,2,0,1,0,2,0,0,1,1,2,2,2,2,0,1,2,0,1,2,1,0,0,1,0,0,4,0,0,1,2,1,1,3,1,2,1,0,0,0,2,0
2015-06-30,3,4,1,3,2,0,2,0,6,2,1,1,4,0,0,0,0,3,6,2,3,2,0,0,2,1,5,0,0,3,0,0,2,1,0,2,2,2,0,0,1,2,1,0,0,2,1,1,0,4,0,2,3,1,2,1,0,3,1,0,0,2,4,3,2,1,1,1,6,1,2,2,1,1,1,0,0,0,0,1,1,4,0,0,0,1,3,0,2,0,0
2015-07-01,4,4,0,10,0,1,3,0,4,0,0,0,1,0,0,1,1,1,3,1,3,5,2,0,2,3,4,1,1,2,1,0,4,5,0,0,2,0,0,1,1,1,2,0,1,0,2,0,1,4,2,4,1,1,2,1,4,2,0,1,0,1,1,0,2,3,2,0,1,1,1,0,1,4,0,2,1,1,1,3,4,1,0,3,1,0,0,0,1,2,0
2015-07-02,2,0,1,6,1,0,1,0,2,2,2,0,2,1,0,0,1,0,10,2,1,7,0,0,3,3,4,2,3,3,0,1,4,5,0,0,0,0,2,1,1,0,2,0,2,1,1,1,0,2,5,1,2,0,0,0,2,2,1,1,2,3,0,1,0,4,1,0,7,1,0,1,1,1,2,1,0,1,0,1,4,3,1,0,1,1,3,0,1,0,1
2015-07-03,7,2,3,13,1,0,1,0,2,5,3,1,2,0,2,3,1,0,6,7,4,8,1,0,0,1,4,1,2,4,0,2,3,5,2,0,5,1,3,3,1,8,3,0,3,2,0,1,3,1,4,5,6,1,0,0,1,4,1,1,1,2,2,0,2,2,5,1,2,3,2,2,2,3,2,3,1,0,1,1,8,1,1,1,1,4,1,0,1,1,4
2015-07-04,5,3,4,8,4,3,3,1,5,1,4,1,2,1,2,2,0,6,4,5,10,3,0,2,3,2,2,3,5,7,0,1,2,2,1,2,6,0,5,2,0,3,3,2,2,2,2,2,7,2,4,5,4,4,4,2,1,3,1,2,1,1,0,3,2,5,2,0,4,3,2,0,1,2,1,1,4,1,0,3,5,3,3,2,1,0,0,0,2,3,2
2015-07-05,3,0,0,4,2,2,1,0,0,2,0,0,0,0,1,0,0,0,0,3,3,2,0,0,0,1,1,2,2,1,0,0,0,1,1,0,1,1,1,0,1,1,1,0,1,1,2,2,1,2,2,1,1,2,0,0,0,1,0,5,5,1,0,1,1,3,0,0,2,0,1,0,1,1,0,1,2,1,0,0,5,1,1,1,1,2,1,0,1,3,1
2015-07-06,4,2,2,6,0,2,0,1,2,2,0,0,1,0,2,0,2,3,4,4,5,2,2,0,1,2,1,3,3,2,2,1,1,3,0,0,1,1,0,0,0,4,1,0,0,3,1,0,0,3,0,1,4,2,0,0,1,2,1,0,2,0,2,1,1,4,2,0,3,1,1,2,1,2,0,1,0,2,1,1,3,1,3,0,0,0,0,0,3,1,2
2015-07-07,2,1,1,7,0,1,1,0,2,1,1,1,2,3,0,2,1,2,3,1,6,2,1,1,0,2,3,2,3,3,3,0,0,2,1,1,0,0,1,1,1,5,1,0,4,1,1,1,0,2,2,1,2,3,0,0,2,4,2,1,0,2,2,1,0,4,2,1,3,3,3,1,0,0,2,1,0,1,0,0,5,2,3,1,0,1,2,0,1,1,3
2015-07-08,3,4,0,2,4,1,2,0,0,3,1,0,0,0,1,3,2,2,1,1,8,1,5,0,3,3,1,1,1,1,1,2,2,7,0,0,1,0,1,0,1,2,1,0,2,0,1,1,2,2,3,2,4,3,3,1,3,3,0,1,0,0,3,1,0,3,3,2,3,1,2,0,0,1,2,2,2,0,0,0,4,2,0,1,2,1,1,0,2,1,0
2015-07-09,3,4,1,5,1,2,2,0,3,2,1,1,2,1,0,1,1,2,2,1,4,3,0,0,0,2,2,1,0,3,0,1,2,2,0,0,1,0,3,0,0,4,3,0,0,0,2,2,1,0,2,2,1,0,1,1,1,2,1,2,1,2,1,2,1,4,2,2,3,1,2,1,0,0,2,2,1,1,3,0,7,3,2,0,2,1,0,0,3,1,1
2015-07-10,3,4,4,2,3,0,4,0,4,1,3,1,1,1,0,1,0,4,3,4,5,1,4,0,0,4,2,2,1,5,1,0,1,4,0,0,0,0,1,0,1,1,3,2,2,1,0,1,1,1,0,4,5,3,0,2,0,1,1,2,1,1,3,0,0,2,3,2,3,1,1,1,1,1,2,1,4,0,2,0,5,2,0,1,1,0,0,0,1,2,2
2015-07-11,2,5,1,7,2,1,1,0,2,1,2,0,2,1,1,1,1,0,4,1,3,5,1,1,2,2,1,3,1,0,0,1,1,1,1,1,0,2,0,1,0,1,2,0,0,1,1,1,1,0,0,3,1,6,1,1,3,3,2,3,2,1,2,1,0,1,1,1,3,0,0,2,1,1,1,0,3,0,0,0,3,3,0,0,0,1,2,0,1,3,0
2015-07-12,1,1,0,3,1,0,2,0,1,2,1,0,0,0,3,1,0,1,5,2,3,5,0,0,1,2,1,1,1,2,2,1,2,2,1,1,0,0,2,0,2,1,2,0,1,1,0,1,1,1,2,5,3,5,1,0,0,2,2,2,2,1,2,0,0,3,2,0,3,3,3,0,0,1,6,0,0,1,3,1,4,2,0,0,1,1,3,0,3,0,0
2015-07-13,3,3,0,3,5,1,0,0,2,3,1,0,3,0,1,1,1,1,4,1,4,5,1,0,0,0,2,1,7,0,2,1,0,3,2,1,1,0,2,0,0,0,1,1,0,0,1,0,1,1,2,1,4,0,0,1,3,2,2,1,3,2,0,0,1,4,1,2,4,0,1,0,0,0,2,3,1,1,0,0,4,1,0,2,1,0,2,0,0,1,2
2015-07-14,2,0,4,7,0,1,1,0,7,1,2,0,1,0,0,0,1,0,0,1,8,0,4,1,2,0,4,0,0,4,2,1,3,3,0,1,0,1,2,0,0,0,3,0,0,1,0,1,1,2,1,3,0,0,1,0,1,4,2,0,1,3,1,1,0,3,1,2,7,1,2,0,0,2,1,1,3,0,0,1,1,0,1,0,0,0,1,0,0,1,1
2015-07-15,2,1,3,6,1,0,3,0,2,1,1,0,2,0,0,2,0,0,5,1,2,12,1,0,1,1,2,0,2,1,1,0,1,2,0,1,1,1,1,1,2,2,1,1,0,2,6,2,1,2,4,3,3,4,1,0,0,2,1,4,3,4,2,0,2,0,1,0,2,1,1,2,0,4,1,6,0,1,2,1,3,1,4,1,0,1,4,0,4,0,1
2015-07-16,3,6,2,5,1,0,2,0,3,4,1,0,2,0,2,0,0,0,3,1,4,5,1,0,2,0,2,2,2,1,3,3,3,2,0,1,1,1,1,0,1,1,1,1,2,1,0,0,1,1,4,4,0,1,3,2,1,0,0,2,4,1,3,0,0,3,1,0,5,0,2,3,1,0,1,1,3,2,2,0,5,4,1,1,0,2,1,0,2,2,1
2015-07-17,3,6,1,4,3,1,2,0,3,3,6,2,1,0,1,1,1,2,6,3,8,6,1,1,2,2,3,0,6,4,3,1,1,5,1,1,3,2,0,0,0,2,3,2,0,1,1,0,1,2,3,4,1,3,2,1,4,2,2,3,1,1,1,1,1,5,4,3,1,2,0,0,0,0,3,2,2,1,3,1,7,1,1,3,0,0,2,0,2,1,2
2015-07-18,1,2,1,4,2,1,2,0,3,3,0,0,2,1,0,1,2,0,2,3,2,7,3,0,1,4,2,1,0,2,0,1,1,0,0,0,2,0,1,3,1,4,2,1,2,2,3,1,1,0,1,2,2,3,4,1,1,1,0,3,2,1,0,0,1,2,0,4,3,1,2,1,0,0,1,2,1,0,1,0,3,1,2,0,0,1,1,0,0,3,2
2015-07-19,3,5,3,5,2,1,0,1,2,2,2,0,3,0,2,0,1,1,4,3,2,2,1,1,0,2,0,0,1,2,0,1,1,2,1,2,2,0,1,2,0,3,1,1,1,2,0,4,0,2,2,1,0,2,0,2,1,1,0,2,2,2,0,2,2,3,0,0,3,1,3,0,0,2,2,0,0,1,0,2,1,0,1,1,0,1,3,0,0,1,0
2015-07-20,2,2,0,4,1,2,0,0,1,4,0,1,3,0,0,0,2,1,3,3,6,3,3,1,0,0,5,3,1,2,4,0,0,1,0,2,1,2,0,2,3,3,0,0,4,2,0,1,1,6,2,2,0,3,1,4,0,1,0,1,0,0,2,1,0,1,2,0,6,3,2,1,1,2,2,2,0,1,0,0,5,2,3,1,1,0,3,0,1,6,2
2015-07-21,1,5,1,4,2,3,0,0,3,4,0,0,0,0,0,0,0,1,2,2,2,4,1,0,0,3,2,2,1,2,1,0,0,0,0,0,0,0,1,1,1,3,1,0,5,0,1,0,0,2,2,2,3,5,3,1,2,0,2,3,1,1,1,0,1,6,1,0,3,1,1,1,1,1,1,0,0,2,0,2,2,1,2,1,0,0,2,0,0,1,2
2015-07-22,1,4,3,7,0,3,2,0,0,3,0,1,0,0,1,1,1,1,2,4,8,3,1,0,0,2,2,2,3,2,1,1,1,5,0,0,1,2,4,0,0,5,0,0,1,1,3,1,1,3,3,4,0,1,0,0,1,1,0,1,0,1,0,0,0,6,1,0,7,2,1,0,0,0,2,0,1,1,0,2,5,1,1,1,0,0,2,0,0,5,0
2015-07-23,2,5,2,11,1,2,1,1,1,1,2,0,2,0,0,0,2,2,4,0,6,3,1,0,2,2,2,1,4,2,0,2,1,2,0,1,1,0,0,0,0,0,3,0,0,1,0,2,1,2,2,2,1,1,2,2,1,0,1,2,5,2,1,0,0,2,3,1,5,4,1,1,0,0,1,1,1,0,1,1,7,1,1,0,0,2,0,0,2,1,1
2015-07-24,5,2,2,6,1,1,2,1,5,7,0,1,2,1,3,1,0,2,4,3,8,5,1,1,2,2,4,1,2,2,1,2,2,4,1,0,1,1,1,2,2,5,3,0,1,2,3,1,0,3,5,6,4,0,0,0,2,2,3,2,4,2,1,0,2,5,2,0,5,0,2,0,1,2,1,2,2,0,0,1,6,1,3,2,1,0,1,0,3,5,6
2015-07-25,1,3,3,4,1,1,0,0,2,3,0,0,3,1,0,2,0,1,4,1,5,3,1,0,0,2,2,1,5,4,0,1,0,1,1,1,1,0,0,2,2,2,4,2,3,2,0,0,1,2,2,2,1,2,1,0,2,3,1,0,2,1,1,1,1,1,2,1,3,3,1,0,0,1,1,1,1,0,1,1,5,2,2,1,1,1,4,0,3,1,0
2015-07-26,3,0,0,8,1,0,0,0,2,2,1,0,4,0,0,0,2,2,2,0,8,2,1,0,1,1,5,4,0,1,0,0,3,2,1,0,2,1,0,1,0,2,1,0,1,1,1,0,2,0,1,3,1,1,2,1,1,5,2,1,2,0,0,1,0,3,1,0,3,1,0,1,1,1,0,0,0,0,1,3,5,1,0,0,0,0,1,0,0,1,0
2015-07-27,3,1,1,3,1,0,0,3,3,0,0,2,2,1,0,1,0,1,3,2,1,3,2,0,0,2,6,1,4,0,2,2,1,2,1,0,1,1,2,0,0,6,4,0,2,0,1,0,4,1,4,3,0,2,2,0,0,1,0,2,0,0,0,1,0,6,2,2,4,0,2,1,0,1,1,1,1,1,0,1,6,0,0,0,1,1,2,0,2,3,0
2015-07-28,2,2,2,9,1,0,0,0,2,2,3,0,1,0,1,1,3,3,6,3,2,2,0,0,2,0,1,2,4,2,2,1,1,4,1,0,0,1,0,2,2,2,1,0,2,0,1,0,0,3,5,3,2,2,1,1,0,1,2,1,2,3,1,2,1,0,1,0,3,1,0,1,1,2,0,0,1,3,0,0,4,2,1,1,0,1,2,0,0,2,0
2015-07-29,3,2,1,4,1,0,3,0,2,3,1,0,0,0,3,2,0,2,4,3,2,3,1,0,0,0,2,0,3,0,0,1,1,4,0,0,0,0,1,1,0,2,0,0,1,2,1,2,3,1,0,4,0,1,2,0,0,2,0,1,2,3,1,1,0,2,1,2,2,1,2,1,0,0,2,3,3,0,0,1,2,1,2,2,0,1,3,0,1,2,0
2015-07-30,2,3,3,15,1,0,1,3,2,3,1,0,1,0,1,1,0,2,7,4,2,5,3,1,3,5,1,2,2,2,1,0,1,2,0,0,1,0,0,0,0,1,4,0,1,2,3,0,0,1,2,3,2,1,1,0,1,1,0,1,0,3,2,2,0,2,4,1,2,3,1,1,1,0,0,0,1,4,0,2,3,0,1,0,1,1,1,0,1,5,2
2015-07-31,1,2,4,3,0,1,1,0,0,2,3,0,2,0,1,1,1,2,2,0,4,2,0,0,0,3,0,4,3,1,1,4,3,1,0,0,2,0,1,0,1,3,1,0,3,2,1,1,2,2,0,3,6,0,0,0,0,2,3,1,1,2,3,1,1,2,2,2,1,0,2,3,0,0,2,3,1,3,0,2,4,0,2,1,1,0,2,0,0,2,3
2015-08-01,6,2,0,7,1,2,2,0,1,2,1,1,1,1,2,2,2,2,3,3,8,2,2,0,1,4,2,0,6,2,1,2,1,3,1,1,1,1,0,0,1,2,1,1,3,1,2,2,1,4,0,2,3,3,2,2,1,1,4,0,2,5,0,0,0,1,2,0,3,1,2,0,1,2,2,4,2,0,1,0,4,0,0,1,0,0,0,0,2,1,3
2015-08-02,4,1,2,4,5,0,1,0,5,5,3,0,1,0,3,0,0,0,3,0,5,2,0,0,1,1,1,0,5,3,1,1,0,1,1,0,2,0,1,1,0,4,2,1,1,1,0,0,3,2,2,3,0,2,1,0,0,1,0,1,2,1,1,0,2,3,1,0,2,0,1,0,1,1,0,0,0,2,0,1,1,2,2,0,1,1,0,0,0,2,0
2015-08-03,4,4,1,3,1,1,1,0,1,0,2,0,0,0,0,0,0,0,8,0,4,3,0,0,1,2,0,0,2,2,2,1,6,3,1,0,0,0,2,1,0,5,5,0,1,1,0,1,1,0,0,1,2,1,0,0,1,1,2,1,1,1,1,1,1,4,1,0,3,1,1,1,1,2,2,2,1,0,0,1,3,3,2,1,1,1,0,0,1,0,1
2015-08-04,2,0,0,2,2,1,2,0,2,6,0,0,2,0,2,2,1,3,2,1,0,3,2,1,0,1,4,1,0,1,0,0,3,3,0,0,3,0,2,1,0,1,0,0,0,3,3,1,1,3,0,2,0,1,2,0,0,2,1,3,1,1,2,2,1,4,1,1,0,4,0,1,0,3,2,2,0,0,1,1,4,2,1,0,1,0,3,0,1,3,2
2015-08-05,2,5,2,7,0,4,0,0,4,1,5,3,1,0,1,2,0,1,1,2,1,3,4,0,0,0,2,5,4,0,2,0,4,2,0,1,1,1,1,0,1,2,3,0,2,0,0,1,0,1,0,2,5,0,1,0,1,0,1,1,0,1,0,0,0,2,2,1,3,2,1,1,0,3,0,1,2,1,0,4,7,1,2,1,0,0,0,0,0,2,0
2015-08-06,3,2,2,7,1,0,3,0,3,4,2,1,2,2,2,0,2,1,3,2,2,3,3,0,0,0,5,1,2,2,3,1,0,1,0,0,0,1,0,1,3,1,3,0,4,2,1,1,3,2,2,2,1,2,1,1,1,3,0,0,2,4,0,2,0,2,1,3,2,0,0,0,1,0,1,3,0,0,0,1,2,0,2,0,0,1,1,0,0,2,2
2015-08-07,4,2,0,9,1,0,6,0,5,4,4,0,1,0,1,3,1,0,4,2,10,0,1,0,1,0,1,3,3,0,2,0,2,3,0,1,0,1,1,0,3,2,2,0,1,5,0,0,3,2,3,9,2,2,1,1,1,4,1,1,3,1,1,1,0,5,2,1,4,1,2,0,0,0,0,1,2,0,1,2,3,1,2,2,0,0,2,0,4,1,0
2015-08-08,1,2,2,6,0,0,1,0,5,3,4,3,4,0,2,1,2,5,3,2,5,2,1,0,1,0,6,0,5,3,0,1,2,5,1,0,1,1,1,0,1,2,3,0,1,2,3,2,0,5,3,1,2,3,0,1,3,2,1,4,2,3,1,0,0,3,1,3,2,1,3,2,4,2,1,0,3,1,1,4,1,2,1,1,0,0,2,0,0,3,0
2015-08-09,0,3,3,5,2,2,4,0,5,1,0,0,2,0,0,0,0,2,3,2,3,3,2,0,3,4,2,2,0,2,3,1,1,4,1,1,2,1,1,1,0,0,0,0,0,1,3,0,0,3,2,5,3,2,2,1,1,2,4,0,2,1,0,0,2,1,2,1,2,1,1,0,0,1,0,0,1,0,0,2,5,0,0,0,0,0,1,0,1,2,0
2015-08-10,2,2,1,2,1,0,0,0,5,3,2,0,2,0,1,0,2,1,1,1,2,4,1,0,2,2,2,2,1,2,0,1,6,0,1,2,2,0,3,0,2,2,0,0,2,1,0,1,1,1,3,0,1,0,2,1,0,2,2,5,0,0,0,0,1,3,1,1,4,1,0,1,1,0,2,3,0,3,2,0,3,1,3,0,2,1,1,0,1,1,4
2015-08-11,2,1,0,5,0,0,1,1,7,1,3,0,0,0,1,1,0,0,3,1,5,4,5,0,0,1,4,4,3,3,1,1,5,4,2,2,1,1,1,1,0,2,1,1,0,2,1,1,0,2,1,1,1,2,1,1,0,3,2,1,1,0,1,1,0,1,1,2,1,3,0,0,0,1,5,2,1,1,0,3,2,1,1,2,1,0,2,1,2,1,2
2015-08-12,2,2,1,3,3,0,3,0,3,2,1,0,2,1,1,1,1,1,6,3,2,4,2,0,1,2,4,1,6,1,0,1,3,1,0,2,0,1,2,0,1,4,1,0,0,1,4,1,0,2,1,2,2,1,1,0,1,2,3,2,1,1,0,1,1,3,3,0,5,4,1,1,0,1,2,2,3,1,0,2,4,0,3,0,1,1,2,0,2,1,0
2015-08-13,0,1,1,6,1,1,1,0,1,1,2,1,0,2,0,0,2,1,5,5,3,5,2,0,1,0,0,1,4,3,1,0,1,1,1,1,1,2,1,0,1,2,0,0,3,1,1,2,1,2,6,3,4,2,1,0,0,1,1,2,2,1,1,1,1,2,2,3,2,1,1,0,0,1,1,2,4,0,0,0,6,3,2,0,0,2,0,0,1,1,0
2015-08-14,2,6,2,10,2,0,3,0,3,1,1,3,1,0,1,2,2,1,4,4,5,4,0,0,1,1,3,1,4,2,1,1,1,6,1,0,2,1,3,0,1,4,1,1,0,3,6,3,4,1,2,4,7,1,1,1,1,2,2,1,5,4,1,1,1,6,2,3,2,2,0,0,0,1,5,4,0,0,2,2,4,1,2,0,1,0,3,0,2,1,2
2015-08-15,2,3,1,5,1,1,1,0,3,3,3,0,0,0,0,0,0,1,3,5,5,1,1,0,1,2,1,2,1,0,0,0,2,3,1,1,2,1,0,2,2,2,2,1,1,3,3,4,2,0,5,3,3,2,0,0,1,1,1,4,1,2,1,3,1,3,0,0,4,0,1,1,2,2,1,4,1,0,2,1,0,3,1,0,1,1,2,0,0,2,2
2015-08-16,4,3,2,5,3,1,1,0,1,5,0,1,3,0,2,0,1,0,3,1,0,3,0,1,2,3,4,2,2,1,0,0,3,2,0,1,1,0,1,2,1,2,2,1,2,1,1,0,1,1,0,4,1,1,3,1,0,2,1,1,3,0,1,0,3,0,0,1,3,3,0,1,1,0,3,4,0,1,3,1,2,1,1,1,1,1,2,0,0,1,0
2015-08-17,4,1,3,11,2,0,3,0,4,4,2,0,1,1,2,0,3,2,5,6,0,6,1,0,1,2,3,0,0,4,0,1,6,3,1,0,1,0,2,1,0,2,1,0,0,2,1,0,2,3,0,4,1,3,1,3,1,5,0,1,1,2,1,1,2,3,4,1,2,0,1,2,1,3,2,2,0,2,0,1,4,2,1,0,0,1,0,0,1,3,2
2015-08-18,3,1,0,7,1,0,2,0,4,3,4,0,2,0,1,0,1,0,2,4,5,4,2,1,0,2,1,2,0,2,1,0,1,3,1,1,1,1,1,0,1,1,0,0,0,2,1,1,0,1,3,1,2,3,1,1,3,0,1,0,1,2,2,1,1,6,3,2,3,0,0,1,2,2,1,1,0,0,0,0,2,2,2,0,0,1,1,0,0,3,3
2015-08-19,2,1,0,3,1,1,1,0,3,3,3,1,1,1,1,1,0,1,2,3,2,4,1,0,0,1,1,1,2,5,2,1,5,3,0,0,0,1,2,0,0,3,0,1,6,0,2,1,1,3,3,1,0,2,1,2,3,2,1,1,0,4,3,0,0,2,2,1,6,1,3,2,2,3,0,3,0,1,0,1,2,0,0,0,1,2,1,0,2,1,2
2015-08-20,3,2,2,4,2,0,2,0,3,3,1,0,1,0,0,1,0,1,3,1,4,2,2,0,0,1,4,2,3,1,2,1,1,1,1,2,0,0,0,3,0,2,1,1,2,2,1,0,0,1,1,3,2,1,1,0,0,1,1,1,2,1,3,1,0,1,1,0,4,0,2,0,1,0,2,4,0,0,0,3,3,0,1,1,1,2,1,0,0,1,1
2015-08-21,0,5,2,6,0,1,1,0,0,3,3,0,3,0,0,0,2,1,9,1,2,2,3,0,3,1,4,3,4,3,1,0,2,2,0,0,1,2,0,0,0,1,0,0,2,1,2,1,4,5,4,2,4,1,0,1,1,2,1,2,2,1,1,3,0,5,2,0,4,0,3,1,1,2,0,2,3,2,0,2,7,1,3,4,1,2,2,0,1,4,0
2015-08-22,3,5,0,9,0,1,2,0,2,4,1,0,4,0,1,0,0,0,5,2,6,5,2,0,1,0,2,2,4,2,1,0,0,1,2,2,2,1,1,0,2,3,2,0,3,0,0,0,0,3,1,3,3,0,3,0,0,1,1,2,2,5,3,2,0,2,1,0,3,1,0,0,3,0,2,2,0,0,0,4,4,1,2,2,0,1,2,0,0,5,1
2015-08-23,1,1,3,6,3,1,1,0,0,2,1,0,1,0,0,0,0,1,4,1,5,2,2,0,0,1,1,3,1,2,2,0,1,2,0,1,0,0,0,0,2,2,1,0,0,2,1,1,3,2,4,0,2,0,1,1,2,0,2,1,1,1,1,1,0,2,2,0,1,0,1,1,0,1,1,2,0,0,0,1,6,1,2,0,2,0,0,0,0,1,1
2015-08-24,2,2,0,4,0,0,1,0,1,3,1,0,0,0,1,0,1,0,3,2,6,4,2,2,1,3,4,0,3,0,2,0,1,1,0,0,0,0,1,1,0,0,1,0,2,3,2,0,2,1,0,2,3,0,1,1,0,2,0,2,1,4,2,1,0,2,1,0,2,0,1,0,0,0,1,3,0,0,0,1,2,0,3,0,3,2,2,0,0,1,0
2015-08-25,1,2,2,4,5,0,0,0,3,4,2,0,0,0,0,1,0,0,1,1,4,1,0,0,1,1,2,1,2,1,0,0,4,2,0,0,0,1,4,0,1,2,0,2,4,1,1,1,1,2,1,4,1,1,1,0,2,1,1,2,0,3,1,0,2,1,1,2,1,2,1,0,1,1,1,1,0,1,0,0,4,0,3,1,0,0,3,1,1,3,1
2015-08-26,3,2,1,5,2,0,2,1,0,2,0,0,1,1,2,0,0,1,5,2,6,3,1,1,0,0,6,1,1,3,0,0,2,0,0,0,1,2,0,0,0,5,1,1,2,1,1,0,1,0,2,3,1,1,2,1,3,0,2,4,2,3,0,1,1,4,2,6,4,0,3,2,1,1,1,3,1,0,0,1,2,1,1,1,1,1,3,0,0,4,1
2015-08-27,0,4,1,4,0,1,0,0,4,0,1,1,5,1,0,0,0,2,3,1,3,2,1,1,1,2,1,1,6,3,1,1,3,3,0,1,3,1,2,0,0,4,0,0,1,0,0,0,1,0,4,4,3,4,0,1,0,2,1,0,1,3,0,0,1,4,2,1,4,0,3,3,1,0,1,1,1,1,1,2,3,0,1,0,0,0,1,0,2,1,1
2015-08-28,5,4,0,2,1,1,3,0,2,4,3,0,4,1,3,2,1,1,4,4,4,4,2,0,0,3,1,0,3,4,1,2,3,3,0,0,3,2,0,1,1,2,2,2,1,0,2,1,3,3,3,6,1,3,1,2,1,0,3,4,3,3,0,0,0,1,1,0,4,1,0,2,0,1,1,6,0,2,2,2,3,0,1,1,0,1,2,0,1,1,0
2015-08-29,6,2,1,1,1,2,0,0,2,2,1,0,5,0,1,0,4,0,1,3,2,3,0,0,1,3,1,1,2,2,0,1,2,1,2,0,1,0,1,0,1,1,1,0,2,1,0,2,1,2,0,3,2,3,1,2,0,0,1,1,2,5,1,1,1,1,1,1,2,2,1,1,1,0,2,2,0,0,0,3,4,2,1,1,1,1,4,0,1,1,1
2015-08-30,3,2,0,6,0,0,0,0,1,2,2,0,2,1,0,0,0,0,2,2,0,3,0,1,1,2,1,1,2,3,1,0,1,3,1,0,1,0,1,0,0,4,1,1,4,1,1,0,1,2,3,1,4,0,1,0,1,1,0,1,1,0,0,0,2,1,0,4,2,0,0,0,0,1,1,0,1,0,0,1,2,0,1,1,0,0,1,0,0,2,1
2015-08-31,1,2,0,2,1,0,2,0,3,5,1,1,2,1,3,0,0,1,5,2,4,1,2,0,2,0,2,0,2,3,1,2,4,2,0,0,1,1,0,0,1,3,1,0,1,0,1,0,1,4,1,3,3,0,2,1,1,3,1,1,0,0,1,0,0,5,2,2,4,1,1,0,0,1,1,3,1,1,1,0,4,1,0,0,0,2,0,0,2,2,4
2015-09-01,5,3,3,7,1,0,4,1,2,1,1,0,2,0,0,0,0,1,5,2,3,1,2,0,1,2,1,0,5,4,0,1,2,5,0,1,0,1,2,2,0,1,0,0,2,3,1,2,0,3,2,2,2,2,0,1,2,3,2,1,0,4,1,1,1,2,0,3,0,3,0,0,1,2,1,2,1,1,0,4,7,0,2,0,0,0,3,0,1,3,3
2015-09-02,1,2,3,2,1,0,2,0,0,5,1,0,7,0,3,0,0,2,4,1,4,7,1,0,0,1,1,1,2,1,2,0,1,0,1,0,1,1,1,0,0,0,2,0,1,0,1,0,0,1,2,2,2,1,0,1,1,2,0,3,0,2,0,1,0,3,1,0,3,0,1,1,2,1,2,2,0,0,0,0,6,2,1,1,2,0,0,0,1,0,1
2015-09-03,5,2,1,4,3,1,0,0,3,2,2,0,2,0,2,1,1,0,2,6,6,2,2,0,1,3,2,1,4,2,2,2,2,0,0,1,0,0,1,2,0,0,1,0,6,1,1,2,4,1,0,4,2,3,0,2,0,3,2,2,0,4,0,0,0,3,0,0,2,1,1,1,1,0,1,1,3,1,0,0,4,0,2,0,0,2,1,0,2,1,3
2015-09-04,3,4,5,7,5,0,0,0,1,0,2,2,2,0,3,1,2,2,3,0,6,11,1,0,2,4,9,1,2,5,2,1,3,1,0,0,0,1,0,1,0,3,2,1,0,2,0,2,0,3,6,3,4,2,0,1,0,2,3,4,1,3,1,1,1,3,2,0,1,1,2,0,4,2,1,2,1,2,1,0,7,1,3,1,1,0,1,0,2,2,2
2015-09-05,4,2,3,2,2,1,1,0,0,4,1,2,1,0,0,0,2,2,3,4,2,5,1,0,0,6,5,4,5,3,2,1,3,3,0,0,1,0,1,1,3,3,0,1,2,1,0,1,0,0,3,3,2,4,0,1,0,3,0,2,2,3,4,1,1,4,3,0,6,0,1,0,0,0,0,1,2,1,1,0,5,1,1,3,2,0,0,0,0,4,1
2015-09-06,0,1,2,2,1,0,1,0,1,0,2,0,0,0,0,0,0,2,2,2,3,5,2,1,1,1,1,1,3,1,0,1,2,4,0,0,1,3,0,0,0,1,2,2,1,2,0,0,0,4,2,2,1,1,0,0,0,2,0,2,1,1,0,1,1,1,1,1,2,0,0,0,0,1,2,0,0,2,0,0,2,1,2,0,1,0,2,0,1,1,0
2015-09-07,0,2,3,8,1,1,0,0,1,3,2,0,2,1,1,1,0,1,5,0,5,1,0,0,1,3,4,2,2,2,0,1,4,3,2,0,1,1,2,0,0,1,1,1,0,2,1,3,4,1,2,3,1,4,1,1,1,3,0,5,0,0,0,1,0,5,1,3,2,4,2,1,2,1,0,1,1,1,0,2,3,0,4,2,1,0,1,0,0,1,0
2015-09-08,5,1,0,3,1,1,1,0,1,5,0,0,0,0,3,1,0,3,3,1,5,3,3,0,1,5,0,0,3,1,0,1,4,2,0,0,2,1,1,0,0,3,3,0,1,1,1,1,1,1,4,2,2,5,1,0,0,1,1,1,0,2,1,1,1,2,2,0,5,3,1,1,4,1,1,0,2,0,0,0,5,2,2,1,1,1,1,0,1,0,2
2015-09-09,1,2,0,8,1,0,0,0,2,4,1,0,4,1,2,0,1,4,4,2,3,6,2,0,1,2,2,4,1,5,0,1,2,2,0,0,4,1,1,2,0,5,0,0,2,1,1,3,1,2,1,2,3,3,0,0,0,7,1,1,2,8,0,1,2,3,2,0,3,0,0,2,1,3,1,1,2,0,0,1,6,2,1,2,0,1,1,0,0,2,1
2015-09-10,3,6,0,8,1,1,0,1,7,2,1,1,1,0,1,0,1,1,2,0,3,6,1,0,0,1,5,1,5,1,1,1,6,2,0,0,6,1,0,2,1,2,1,1,2,1,0,3,0,1,2,4,2,0,3,2,0,1,2,0,2,0,2,2,1,2,3,0,2,0,1,1,1,3,0,0,1,0,1,1,2,1,2,2,0,2,1,0,1,5,2
2015-09-11,3,2,2,4,5,0,0,0,4,2,1,0,1,0,0,1,1,2,5,3,8,2,0,1,3,3,1,1,1,4,2,0,2,6,0,0,0,1,1,3,2,3,2,0,1,0,1,0,3,2,3,3,1,4,2,1,1,2,2,1,0,4,0,0,1,2,2,4,3,2,2,2,1,2,2,4,6,1,1,1,4,2,2,0,0,2,2,0,3,3,0
2015-09-12,2,0,2,3,1,0,6,0,5,2,2,0,3,0,2,2,1,1,1,1,8,0,5,1,2,1,7,3,3,3,2,0,2,4,0,2,0,1,2,0,2,3,0,0,2,1,1,1,2,1,4,3,2,2,5,0,0,4,2,1,1,3,1,0,1,3,1,2,2,0,0,0,1,0,2,2,1,0,0,1,5,3,0,1,0,1,0,0,4,2,3
2015-09-13,4,0,2,4,3,2,1,0,3,3,0,0,2,0,1,0,4,0,3,1,5,1,2,0,0,1,1,0,0,2,0,0,1,1,0,0,0,1,3,1,0,0,2,0,2,2,0,0,0,3,2,3,2,0,1,1,0,3,1,2,1,0,1,0,1,3,2,0,4,0,0,1,2,0,2,0,1,0,1,3,6,2,0,1,0,0,0,0,0,1,0
2015-09-14,2,2,0,6,4,1,2,0,1,5,0,0,0,0,2,2,1,1,4,5,4,2,1,0,0,2,2,1,3,0,1,0,2,3,0,0,2,0,2,0,0,2,0,1,0,2,2,2,1,1,1,1,2,3,0,1,3,2,1,3,1,0,3,0,0,2,4,1,5,0,4,0,0,0,1,0,0,1,0,1,4,5,0,0,2,1,1,0,0,0,2
2015-09-15,3,8,2,7,0,1,2,0,2,3,2,0,2,2,4,1,0,0,5,7,5,6,2,1,0,0,4,1,2,0,0,0,0,1,1,1,3,0,0,2,2,3,0,3,3,2,1,2,2,2,0,1,4,2,1,1,1,2,0,0,2,4,0,0,2,4,3,1,5,0,2,1,2,3,3,4,0,0,0,1,2,1,1,0,0,0,3,0,0,0,2
2015-09-16,3,4,0,4,3,0,2,0,2,0,2,0,3,0,1,0,2,1,4,5,2,4,3,0,1,0,1,2,4,1,0,0,1,2,0,0,1,1,1,0,3,1,0,1,2,1,1,2,3,4,2,1,3,2,1,2,1,2,0,1,1,3,2,0,0,5,0,1,3,1,0,0,1,2,1,1,2,1,1,1,4,3,1,1,0,3,1,0,1,1,2
2015-09-17,1,4,1,7,2,0,4,1,2,4,1,0,4,0,1,2,1,1,6,1,2,5,2,0,1,3,1,2,3,2,0,1,2,1,0,1,1,0,2,0,0,2,0,1,1,2,1,4,0,3,0,6,3,1,1,1,1,0,2,2,1,0,1,0,0,0,3,0,3,1,1,1,0,2,1,3,1,1,3,0,6,0,0,0,0,1,1,0,1,3,1
2015-09-18,1,2,1,4,0,0,1,0,4,3,1,0,0,1,4,2,0,4,3,4,9,4,2,0,1,3,5,1,2,2,1,0,1,2,1,2,1,1,3,0,5,1,0,1,1,1,2,0,0,2,5,2,5,3,1,1,2,3,0,3,2,2,0,1,0,4,2,1,4,3,1,0,0,2,1,1,1,0,0,2,5,2,2,1,1,0,5,0,2,1,4
2015-09-19,8,0,3,4,1,2,2,1,5,6,2,1,4,0,1,2,0,0,2,1,5,2,2,0,0,1,3,1,4,2,2,0,3,3,2,0,2,1,0,0,2,1,3,0,3,1,2,0,0,1,4,4,3,1,1,0,0,5,1,1,0,0,0,2,0,0,3,2,2,0,2,1,2,0,1,1,2,0,3,1,2,1,0,0,1,2,0,0,0,2,0
2015-09-20,3,1,0,1,0,1,1,1,1,1,2,2,1,0,2,1,1,1,1,1,3,5,1,0,0,2,2,0,3,6,1,1,5,2,0,0,0,0,1,0,0,3,0,2,2,1,0,1,1,1,1,2,4,1,1,0,1,0,0,1,2,5,1,0,1,5,0,0,1,1,0,0,0,0,1,3,1,0,0,0,4,1,0,0,2,1,1,0,1,0,1
2015-09-21,2,7,1,6,0,0,1,0,3,1,0,1,2,0,3,0,0,0,4,3,2,6,2,0,3,2,4,2,5,1,0,0,1,0,1,1,1,0,0,0,0,3,0,0,1,6,2,1,0,4,3,0,3,1,2,0,1,1,0,3,1,0,1,0,2,2,3,3,1,2,0,1,1,1,1,2,1,3,2,2,2,0,2,2,0,0,0,0,0,1,0
2015-09-22,1,2,1,2,0,1,2,1,3,5,2,1,3,0,0,0,0,1,2,2,3,1,0,0,1,4,1,0,4,3,0,0,2,0,1,0,2,0,2,1,0,4,1,0,2,1,3,2,0,3,2,4,0,0,0,1,2,3,1,0,1,2,3,3,1,2,0,2,3,3,0,1,2,0,0,2,1,0,1,3,3,0,2,2,4,1,2,1,1,2,0
2015-09-23,4,0,1,9,1,0,2,0,1,2,2,1,1,0,1,0,1,3,5,4,2,2,0,1,0,1,3,2,5,4,1,0,6,2,0,0,0,2,2,2,0,1,0,1,2,1,5,0,0,2,1,2,2,2,0,0,1,1,0,1,3,2,0,2,0,2,0,2,2,0,0,0,2,1,2,0,2,1,0,4,3,2,1,0,1,1,1,1,1,2,0
2015-09-26,6,2,1,10,0,2,0,0,3,2,0,1,1,1,0,2,0,3,2,3,4,3,2,0,1,2,0,2,3,1,2,3,2,4,2,0,3,1,2,0,0,4,0,0,0,1,0,1,2,1,1,3,4,1,2,1,1,0,1,0,2,3,1,0,0,3,3,2,0,0,0,1,1,2,0,2,2,0,0,2,5,1,1,2,1,1,2,0,2,1,0
2015-09-27,3,2,0,3,3,0,2,0,2,4,1,2,3,0,1,0,1,0,2,4,1,0,3,0,0,3,6,0,4,3,1,0,2,3,1,3,3,2,1,1,0,3,1,1,0,2,2,1,2,2,2,2,1,1,1,1,1,0,0,3,0,4,2,0,0,7,0,1,1,1,2,3,1,2,0,1,0,0,0,2,7,3,0,0,0,1,0,0,2,2,1
2015-09-28,4,3,1,2,3,0,2,1,1,3,2,0,3,0,2,0,2,1,3,3,3,3,3,1,1,2,0,0,2,2,2,1,1,0,0,0,0,0,1,0,1,1,1,2,4,1,0,2,1,0,3,3,2,1,0,1,4,1,2,1,1,2,0,0,0,3,1,0,3,0,0,0,1,0,2,0,2,0,2,0,3,3,2,1,0,0,2,0,2,0,2
2015-09-29,2,2,3,10,5,0,3,0,3,2,1,2,1,0,1,1,0,3,4,3,4,3,1,1,0,1,3,1,1,3,0,2,1,1,0,0,3,0,0,0,1,3,0,0,1,2,1,2,3,1,3,3,3,3,0,0,1,2,2,2,3,4,2,0,2,8,3,1,6,0,2,1,1,2,1,1,1,2,1,1,5,1,3,1,0,1,2,1,1,2,0
2015-09-30,3,3,0,5,1,0,2,0,3,2,1,1,3,0,0,1,0,3,7,1,5,2,3,1,2,0,3,1,3,2,1,1,2,3,0,0,0,1,1,1,0,3,0,1,1,3,0,0,1,2,1,1,0,0,2,2,2,1,1,0,2,1,0,0,1,3,1,1,4,0,1,1,0,0,2,3,2,1,0,1,6,1,2,1,0,1,2,0,1,2,1
2015-10-01,4,3,2,1,0,1,5,1,4,3,1,0,5,0,0,0,1,2,6,3,3,7,0,0,2,5,6,2,3,3,0,3,1,11,0,0,3,1,2,1,1,5,0,0,3,2,5,1,4,3,2,2,4,2,3,2,2,0,2,5,9,2,1,1,1,2,1,2,5,0,1,1,1,1,2,3,2,1,0,0,4,1,2,0,1,1,4,0,2,0,0
2015-10-02,5,4,3,4,0,0,1,0,1,2,0,1,2,0,0,0,1,1,5,1,8,3,0,0,1,1,3,3,0,4,2,3,2,1,1,0,2,1,1,1,1,3,2,1,2,1,0,0,1,1,6,1,4,2,1,0,1,1,1,1,1,0,1,2,0,1,1,1,1,1,1,1,0,0,0,1,0,1,0,0,3,1,2,0,1,2,2,0,2,0,1
2015-10-03,0,1,0,10,1,2,1,0,1,1,1,1,4,1,1,1,1,1,5,3,4,4,0,2,0,1,9,0,2,0,2,2,3,1,0,1,2,2,1,0,0,3,2,1,2,0,1,3,4,1,2,4,5,1,3,1,4,0,2,1,0,1,0,0,1,5,1,1,5,0,2,1,0,1,1,2,2,0,2,1,3,1,0,0,1,0,2,0,1,1,0
2015-10-04,5,5,0,5,1,0,1,0,2,1,1,0,2,0,5,0,0,1,3,1,2,4,2,0,1,1,1,1,3,2,0,1,3,1,0,2,2,2,0,1,2,3,0,1,1,0,3,2,2,0,2,3,0,0,1,0,2,1,0,3,0,2,3,0,4,3,4,0,1,1,1,2,1,2,0,3,2,2,0,0,3,2,1,1,1,1,0,0,0,0,0
2015-10-06,1,3,1,4,1,0,1,0,3,2,2,0,1,0,2,1,1,0,5,0,6,4,2,0,1,2,4,2,2,3,1,0,2,1,0,0,1,2,1,2,0,5,0,0,2,1,1,1,0,1,3,3,1,2,1,3,0,0,5,3,4,4,1,2,0,1,1,2,6,0,1,0,0,1,1,2,2,0,1,0,2,1,1,2,0,1,0,0,0,1,3
2015-10-07,0,5,1,5,3,0,3,0,0,0,3,0,1,0,2,0,1,1,2,1,7,7,4,0,0,3,2,0,4,1,0,1,0,3,1,0,0,1,0,2,0,0,0,0,1,0,4,0,0,0,1,2,2,2,1,2,3,3,2,2,1,3,0,3,2,3,2,1,3,2,1,0,1,0,0,2,5,1,1,2,1,1,1,1,2,1,0,0,1,1,2
2015-10-08,2,1,1,7,0,0,1,1,3,1,0,0,2,0,0,0,0,0,6,1,1,3,2,0,1,2,2,3,1,1,2,1,1,3,0,1,1,0,0,1,2,1,0,0,3,1,1,4,0,0,2,2,1,1,0,1,4,1,1,1,0,2,0,1,0,6,0,1,4,2,2,0,0,1,1,2,0,0,0,2,10,3,1,0,0,2,0,0,1,0,0
2015-10-09,6,1,1,6,0,2,1,0,6,4,1,0,0,0,0,1,0,0,1,3,6,3,2,0,0,1,0,0,1,3,1,1,5,5,0,0,2,0,1,0,0,4,1,2,1,0,3,0,0,2,2,2,0,1,2,1,7,1,3,0,3,2,2,0,3,6,2,4,0,2,1,1,1,2,1,0,0,3,1,2,8,1,0,1,2,0,1,0,1,1,0
2015-10-10,2,2,1,6,1,0,2,0,5,1,1,1,2,0,2,2,0,1,5,2,0,8,2,0,1,1,1,1,4,0,0,0,2,4,3,0,1,0,0,0,0,2,1,0,2,1,3,2,1,0,2,4,6,4,1,1,1,2,0,1,2,2,2,0,0,4,4,2,2,1,1,0,0,1,0,2,0,3,0,0,3,3,0,1,0,1,0,1,2,1,5
2015-10-11,3,2,0,5,4,0,4,0,0,1,3,0,0,0,0,2,0,1,2,2,8,2,1,0,2,4,3,3,1,0,2,0,1,2,0,0,1,2,1,1,1,1,0,0,1,1,0,0,0,0,3,2,3,1,3,0,0,3,0,2,2,2,3,2,1,2,2,2,1,0,0,0,1,1,2,2,0,0,1,1,3,0,2,0,1,1,0,0,0,2,0
2015-10-13,3,0,2,5,0,2,0,0,1,0,1,1,2,0,0,2,0,2,2,3,4,6,2,1,1,1,2,0,4,3,3,0,1,1,1,1,2,0,1,0,1,3,0,0,2,3,4,3,0,4,1,4,1,1,0,1,2,4,2,2,4,2,3,2,2,4,3,0,1,2,1,1,0,0,2,1,1,3,0,0,5,1,3,0,1,0,0,0,0,1,0
2015-10-14,1,6,2,7,1,1,3,0,0,1,1,0,0,0,1,0,2,0,3,1,0,6,2,0,1,3,5,0,2,2,1,0,1,2,0,1,2,0,0,1,1,2,2,1,1,1,2,0,2,1,3,0,0,1,2,2,3,4,0,0,2,3,0,3,1,3,2,0,0,2,1,0,1,2,3,1,0,1,0,2,3,3,1,2,1,1,3,0,1,0,3
2015-10-15,4,6,0,5,3,1,4,0,3,6,6,0,6,1,2,2,2,2,5,5,9,5,4,1,0,2,3,3,10,2,2,2,2,5,0,4,1,4,4,2,1,1,3,1,5,2,1,0,3,1,3,6,4,5,1,3,2,5,1,4,3,3,1,1,1,5,1,3,8,2,3,1,1,2,2,4,0,1,5,3,8,2,4,1,1,1,3,0,5,5,2
2015-10-16,0,3,2,10,3,0,0,1,4,1,1,1,2,0,1,0,0,2,5,0,5,2,0,0,1,1,5,2,2,4,0,1,2,2,2,1,0,0,0,1,0,3,3,1,1,1,2,0,0,4,4,2,3,1,0,2,1,2,1,1,5,3,2,0,2,4,0,0,7,3,0,0,2,0,3,2,1,1,1,0,6,0,1,2,1,1,1,0,4,1,1
2015-10-17,5,5,1,4,0,1,2,0,1,1,1,0,5,0,3,2,0,0,3,2,6,4,1,0,1,3,2,2,3,1,2,1,0,3,1,2,1,0,0,2,0,0,2,0,2,1,0,1,1,4,1,1,0,4,0,1,2,2,3,3,5,0,0,0,0,4,1,0,1,1,2,1,0,0,2,2,2,2,0,1,0,1,5,2,0,1,4,0,1,3,0
2015-10-18,2,6,0,3,0,0,1,0,3,0,1,0,2,0,1,0,2,3,1,1,0,9,3,0,0,1,3,1,3,1,0,2,2,0,0,0,2,2,1,0,0,2,0,0,1,1,2,2,0,0,1,2,1,3,1,0,1,1,1,0,1,1,0,1,1,2,3,1,4,2,0,0,2,0,1,0,0,1,0,0,4,0,0,0,0,1,4,0,0,1,0
2015-10-20,2,1,4,6,2,1,3,1,2,2,0,0,2,2,0,0,0,2,3,3,6,3,4,1,1,5,1,1,7,3,1,0,3,4,2,1,4,0,1,0,0,1,1,1,0,1,1,1,2,5,4,3,1,1,2,1,2,0,2,1,2,3,1,2,0,1,2,2,6,1,2,1,1,0,0,0,1,0,1,1,2,2,0,1,1,0,0,0,2,2,3
2015-10-21,0,1,0,3,0,1,1,1,4,5,1,1,5,1,2,1,2,1,4,4,4,5,1,0,1,0,2,2,5,1,2,1,2,4,3,2,1,2,2,2,0,3,2,0,2,1,0,4,1,2,1,3,3,2,1,0,1,1,0,0,2,1,1,1,1,2,2,1,5,3,1,0,0,2,1,3,0,1,0,1,5,3,1,1,0,0,1,0,2,0,1
2015-10-22,3,2,1,4,1,1,5,0,3,5,1,0,0,0,0,0,1,3,2,2,3,5,2,0,1,2,1,1,1,3,1,1,3,3,1,0,2,3,1,2,0,6,1,1,1,3,2,1,0,1,3,4,3,4,1,0,1,1,0,3,0,4,1,0,3,2,1,0,1,4,1,0,0,1,1,0,1,0,0,0,4,3,1,1,3,0,0,0,2,5,0
2015-10-23,5,1,1,3,2,1,0,0,3,3,2,2,1,0,1,1,1,3,3,4,5,3,2,0,2,0,2,3,1,1,2,0,6,1,0,0,1,2,1,0,2,3,2,0,4,4,1,0,3,0,1,3,7,2,2,1,2,2,0,1,0,3,2,1,0,4,0,2,5,0,1,0,1,0,1,0,1,3,1,1,4,1,2,0,0,2,3,0,2,4,1
2015-10-24,0,2,1,12,0,1,6,0,3,4,0,1,5,0,2,0,1,2,3,4,3,4,1,0,1,2,2,1,1,4,0,3,1,2,1,0,2,0,1,0,1,2,1,2,4,1,1,1,0,4,0,3,3,5,3,1,2,1,1,1,3,2,1,0,2,4,2,0,3,1,1,2,0,1,2,1,2,0,1,1,4,4,1,0,0,0,6,1,2,0,0
2015-10-25,2,0,1,7,3,0,1,0,4,4,1,2,3,0,0,0,0,3,2,1,2,3,1,0,1,4,2,0,5,1,0,1,3,1,0,0,0,0,0,0,0,1,1,1,2,2,2,1,1,1,1,4,2,1,1,0,2,2,0,3,4,2,0,1,1,2,0,1,0,1,1,0,1,1,0,1,0,1,0,1,3,1,1,0,2,1,0,0,0,0,2
2015-10-27,0,3,1,3,2,0,2,0,2,0,1,0,1,0,1,0,0,2,7,1,4,3,1,0,0,0,2,0,6,1,0,0,1,0,0,0,1,1,0,1,1,3,1,0,2,3,2,1,0,1,2,5,1,4,1,0,2,1,1,3,1,1,2,2,2,2,2,0,0,2,1,1,0,2,0,1,0,1,1,1,8,1,1,0,0,2,0,0,2,2,1
2015-10-28,3,2,3,5,1,0,1,1,1,3,2,0,2,0,0,0,2,0,1,0,4,4,2,0,1,1,4,0,1,3,0,0,0,2,1,0,0,0,1,0,0,0,3,1,0,1,2,0,3,2,2,4,2,1,3,0,1,3,1,0,0,3,0,0,0,3,1,1,2,0,1,0,2,0,0,1,0,1,2,1,2,0,2,0,1,0,0,0,0,0,1
2015-10-29,1,2,0,6,0,3,2,0,2,4,0,0,1,0,1,0,0,0,4,4,2,5,2,0,1,0,1,0,4,1,3,0,1,3,0,0,2,0,0,0,1,6,3,1,1,1,2,1,0,2,1,2,3,2,4,2,3,3,1,1,1,3,0,1,1,4,2,0,3,1,1,0,1,1,1,0,0,1,0,0,6,1,1,0,0,1,2,0,2,2,0
2015-10-30,3,3,1,10,0,0,1,0,1,2,3,0,3,0,2,2,2,1,5,3,7,3,6,1,3,2,6,1,3,2,0,0,2,2,0,0,2,0,1,1,1,0,1,0,3,1,0,4,0,1,1,1,2,5,2,1,2,2,2,2,2,6,2,2,1,4,5,1,3,3,1,1,0,2,0,1,0,0,0,2,5,1,1,1,1,0,4,0,0,0,2
2015-10-31,3,1,2,5,5,2,3,0,4,3,1,0,5,0,4,1,1,5,5,4,4,3,2,0,3,3,1,1,1,0,2,3,2,3,0,0,2,1,2,5,0,2,1,0,1,0,1,1,0,2,3,7,1,1,1,1,0,3,2,4,2,1,1,1,1,2,1,0,2,5,1,1,3,1,1,0,1,0,1,2,5,1,3,1,1,1,2,0,0,0,1
2015-11-01,3,0,2,5,0,1,2,0,2,1,1,0,4,0,1,1,1,1,5,2,5,2,2,0,0,3,1,1,2,1,2,1,0,2,2,1,1,0,1,0,0,3,0,0,2,2,2,0,0,1,3,4,3,0,2,0,1,1,2,1,1,3,0,0,0,4,0,1,2,1,1,0,1,2,2,1,0,0,1,2,3,3,1,0,1,0,2,0,0,4,2
2015-11-02,6,6,3,4,2,1,4,1,3,4,0,0,3,0,0,0,0,2,4,2,2,4,0,0,0,1,2,0,2,0,1,3,3,2,0,0,1,0,1,2,0,4,3,0,0,0,0,3,0,3,2,2,2,0,0,1,1,3,2,1,4,6,2,0,1,3,1,0,4,1,1,0,1,2,1,0,0,1,1,1,4,1,0,0,1,1,2,0,1,2,0
2015-11-03,0,2,0,4,0,0,2,0,1,1,3,1,1,1,3,0,1,2,2,1,2,4,1,0,0,1,2,1,3,1,0,1,0,0,1,0,0,1,0,2,0,1,1,0,2,2,0,1,1,3,1,2,3,1,2,1,3,0,1,1,1,2,1,0,1,2,1,1,3,2,4,1,1,1,1,3,2,0,2,1,3,3,0,0,2,1,1,0,3,0,0
2015-11-04,2,1,0,3,0,0,2,0,2,2,1,1,1,0,2,1,1,0,3,2,3,3,2,0,1,1,5,1,2,1,2,1,1,1,1,0,0,0,2,2,2,3,1,2,3,0,1,0,1,1,3,2,2,1,1,4,0,2,3,0,2,2,1,2,1,3,1,0,3,1,0,0,0,0,4,3,1,0,3,0,3,0,2,0,0,2,1,0,1,0,0
2015-11-05,3,1,0,7,0,2,0,0,7,5,1,1,0,0,0,0,1,1,3,1,5,2,1,0,2,3,2,0,2,2,0,2,2,3,1,0,0,1,2,0,0,4,1,1,3,1,0,0,1,0,2,2,1,3,4,0,0,1,1,4,2,0,0,0,0,2,1,1,4,0,0,2,1,0,2,2,0,1,0,0,3,1,2,0,0,1,5,1,0,0,1
2015-11-06,5,3,2,11,3,2,1,0,4,5,2,0,7,1,1,1,1,0,2,4,5,9,0,0,0,1,5,0,7,5,1,0,4,6,0,1,0,1,0,0,2,8,4,0,5,1,0,0,0,2,2,0,5,2,0,2,2,3,1,2,3,2,0,1,2,4,4,2,2,1,3,0,1,0,3,1,1,1,1,1,6,2,0,2,0,3,1,0,0,1,1
2015-11-07,4,2,1,6,2,0,1,1,4,4,2,2,5,0,1,2,0,1,4,2,3,2,2,0,0,3,3,1,1,1,1,0,4,2,0,1,4,2,2,1,0,1,1,0,1,1,1,0,1,1,3,4,5,4,1,0,1,2,5,2,0,1,2,3,1,4,3,4,5,0,1,0,0,2,1,0,1,1,1,0,3,2,0,1,3,2,1,0,1,2,0
2015-11-08,2,3,0,7,0,0,0,0,4,4,2,0,2,0,1,1,1,1,4,1,6,2,1,0,0,2,1,0,3,2,0,0,4,2,1,0,1,1,2,0,0,3,2,0,1,2,1,0,0,1,3,3,1,3,1,2,0,2,1,1,3,2,1,1,2,1,0,0,4,0,0,0,4,0,0,2,2,0,1,1,5,2,0,3,1,2,1,0,1,0,0
2015-11-09,4,2,1,9,1,0,1,0,4,3,1,4,2,0,2,0,1,0,3,1,5,3,2,0,1,1,2,5,5,6,0,0,0,2,2,1,0,0,2,0,0,1,2,0,1,1,1,1,0,1,0,4,6,3,0,0,0,3,0,3,2,3,1,2,0,5,1,2,5,2,0,2,1,0,3,1,1,0,0,1,1,2,4,0,1,2,2,0,1,1,2
2015-11-10,2,1,2,7,1,1,3,0,2,2,3,0,2,0,1,2,0,0,4,6,1,1,0,1,0,1,3,0,2,4,0,0,0,6,0,1,0,0,2,1,1,2,1,1,0,1,2,2,1,0,1,2,3,1,2,0,1,1,2,4,0,2,0,0,0,5,4,1,4,1,2,0,0,3,0,2,2,0,0,1,4,0,1,0,0,0,0,0,3,1,0
2015-11-11,3,3,2,6,1,1,2,1,2,0,2,1,0,0,1,1,0,0,0,0,1,4,1,0,3,1,4,1,3,0,1,0,5,5,2,1,0,1,0,1,3,5,0,2,1,2,1,0,0,2,0,2,1,3,0,0,2,2,1,1,1,1,2,1,0,0,2,1,2,3,2,0,0,0,1,2,0,0,1,1,3,1,2,0,2,0,2,0,0,0,0
2015-11-12,1,6,5,3,3,1,1,0,5,4,2,1,3,1,2,2,0,2,1,4,6,3,1,0,1,0,2,1,3,2,0,2,6,2,1,0,2,0,0,3,2,2,2,0,1,0,0,0,1,0,2,1,2,0,1,0,1,2,2,6,0,1,2,0,0,4,0,0,2,1,1,0,1,1,1,3,3,2,2,4,5,1,2,0,0,0,0,0,3,5,2
2015-11-13,1,3,0,5,1,2,1,0,2,5,1,1,4,1,0,0,0,2,6,2,3,2,2,0,0,2,4,1,7,1,2,2,6,3,2,0,1,2,2,1,1,3,0,0,1,0,1,1,2,2,4,2,2,3,1,4,1,2,0,1,1,1,1,1,2,2,3,1,1,0,0,0,2,3,2,0,1,0,1,2,3,0,0,2,0,0,0,0,0,1,0
2015-11-14,3,2,2,5,1,0,3,1,4,2,3,1,1,0,1,1,1,2,6,2,0,8,3,0,1,1,0,2,3,2,2,0,2,2,0,0,2,1,1,2,1,0,1,0,2,2,0,0,1,0,1,5,2,2,0,3,1,0,2,1,0,2,3,0,0,6,1,1,1,1,2,1,0,2,0,0,1,1,1,3,7,2,0,1,1,2,2,0,0,1,3
2015-11-15,5,2,0,5,4,0,3,1,1,2,2,1,2,0,1,1,2,3,1,0,3,4,2,0,0,0,3,3,5,2,1,0,0,2,1,0,0,0,0,0,1,1,1,0,2,0,2,1,1,0,2,5,3,1,0,1,0,3,2,0,1,2,0,0,0,4,0,1,2,0,0,1,0,2,1,0,1,0,1,0,1,0,0,1,1,1,0,0,1,2,2
2015-11-16,3,2,3,3,0,3,2,1,2,3,1,2,3,0,3,1,0,2,2,3,6,2,1,0,0,1,2,1,6,0,1,1,2,4,0,1,0,0,1,1,1,4,1,2,0,1,1,0,0,0,3,0,1,5,2,0,2,1,1,0,1,3,1,1,2,2,1,0,6,1,0,0,0,2,0,1,1,1,1,0,4,3,4,1,0,2,0,0,0,4,0
2015-11-17,4,3,3,7,1,2,0,0,1,4,1,0,0,1,1,1,2,2,3,1,3,1,1,0,0,1,2,2,2,0,1,0,3,3,0,0,0,0,0,0,2,6,0,1,3,1,0,2,1,0,2,2,0,1,2,0,4,0,2,1,2,1,0,1,1,2,0,0,3,1,1,0,0,1,1,0,2,1,0,3,4,1,0,0,1,1,0,1,0,2,1
2015-11-18,2,4,1,5,1,1,2,0,2,2,2,1,2,0,0,1,1,1,3,3,2,4,0,0,1,1,4,2,5,1,1,0,2,5,0,1,0,1,2,1,2,2,2,0,2,0,1,0,2,0,0,6,2,1,0,0,1,0,0,0,5,2,2,0,0,2,3,2,2,1,1,0,0,0,0,1,1,0,0,2,5,2,1,1,0,0,2,0,3,0,4
2015-11-19,3,4,2,6,4,0,3,0,1,3,1,1,0,0,2,2,1,1,5,4,5,8,3,0,0,0,2,1,4,1,1,1,3,5,0,0,2,1,3,1,0,4,1,0,2,2,1,1,2,1,6,2,1,1,1,3,1,0,1,0,1,0,2,0,0,3,1,1,2,1,3,2,1,2,1,3,2,0,0,1,3,3,2,1,2,1,1,1,3,2,3
2015-11-20,3,2,2,4,1,1,3,0,1,1,1,0,1,0,0,0,4,0,4,2,4,1,0,0,1,5,2,1,5,3,1,1,2,3,0,1,1,1,0,2,1,3,4,1,1,2,1,1,0,2,1,2,1,2,0,1,3,0,2,2,1,2,2,0,0,3,0,1,6,1,4,0,1,4,2,2,2,1,2,0,5,3,0,0,2,1,2,0,0,2,5
2015-11-21,0,2,2,6,1,1,1,1,0,3,0,1,3,1,0,1,0,2,3,2,4,4,1,0,0,2,2,1,6,3,0,0,1,3,1,0,0,1,1,1,2,1,1,1,2,2,1,0,1,1,2,1,2,2,1,3,1,0,1,2,3,2,1,0,0,3,2,3,2,0,2,1,3,1,0,2,2,1,0,1,2,1,3,2,0,0,2,0,1,1,2
2015-11-22,4,1,0,3,0,3,1,0,2,0,0,0,0,0,0,2,1,0,3,2,2,1,0,0,1,1,1,1,3,1,0,1,0,2,0,0,0,0,0,0,0,2,2,0,0,1,1,0,2,1,0,2,0,0,1,1,2,0,1,4,3,0,0,0,1,1,0,0,1,2,0,1,0,2,0,2,2,0,0,2,2,1,1,1,1,1,2,0,0,0,2
2015-11-23,3,7,3,6,3,1,2,0,4,3,0,1,0,0,1,0,1,0,3,3,5,1,2,0,0,0,2,1,5,2,0,0,0,4,0,1,4,4,0,1,0,1,1,1,2,2,0,1,1,2,1,2,1,3,1,1,2,3,0,4,1,0,0,1,0,3,5,0,6,2,1,1,2,3,2,4,2,1,0,1,3,0,2,0,1,1,1,0,0,3,0
2015-11-24,1,1,1,5,1,1,1,2,4,1,1,0,1,0,0,0,0,0,4,1,3,2,0,0,1,1,3,0,1,2,1,1,2,2,1,1,0,1,1,1,1,4,2,1,1,2,2,0,1,1,2,2,0,4,1,0,2,2,0,2,3,3,1,1,1,4,1,2,4,1,1,2,1,1,1,1,1,0,2,1,3,3,3,0,1,0,5,0,2,2,1
2015-11-25,2,2,1,9,1,1,1,1,3,1,1,0,1,0,1,1,0,0,3,3,4,8,3,0,0,2,2,2,3,2,1,0,2,4,0,0,3,0,1,2,1,3,2,0,3,2,0,1,0,3,2,4,3,0,0,1,1,5,0,3,3,2,1,0,1,0,1,1,1,0,2,2,0,1,0,0,0,0,0,1,9,3,0,0,2,1,3,0,2,1,2
2015-11-26,6,3,2,5,5,0,2,2,8,4,2,0,5,0,0,3,0,6,3,7,3,6,7,1,1,0,6,6,10,4,4,0,5,1,0,3,2,2,1,2,1,9,1,0,1,0,4,1,2,2,1,6,3,7,2,3,1,3,3,1,6,4,1,3,1,1,9,2,9,3,0,1,2,1,1,4,2,1,2,1,9,1,5,2,4,3,1,0,3,4,2
2015-11-27,6,7,0,9,1,5,3,0,7,6,0,1,3,0,2,1,1,4,12,4,14,4,4,0,1,5,3,1,4,5,3,6,2,2,0,0,3,2,2,1,0,8,2,0,3,2,3,4,2,1,3,2,6,4,2,1,3,4,0,4,3,4,3,2,1,3,1,4,3,1,3,2,2,6,6,3,0,1,0,0,7,1,3,3,1,3,2,0,3,3,2
2015-11-28,5,2,1,6,1,0,2,0,3,2,1,1,3,0,1,0,1,1,6,3,0,2,1,0,1,0,1,1,2,2,0,0,1,3,1,0,2,0,1,1,1,1,2,1,1,2,0,0,1,1,1,3,0,2,0,0,1,1,1,4,2,1,0,1,1,1,1,1,2,0,2,1,1,0,0,1,0,0,1,4,3,1,2,3,0,0,4,0,0,2,2
2015-11-29,1,2,1,4,1,0,0,0,1,1,1,1,2,0,0,1,0,0,2,1,3,8,0,0,0,4,5,0,4,2,1,0,6,1,2,1,1,0,2,0,0,3,1,0,2,1,1,3,1,2,2,1,0,1,2,1,1,0,0,3,3,5,1,1,0,3,0,0,1,0,1,0,2,1,1,1,1,0,0,1,0,2,2,1,0,0,0,0,1,3,0
2015-11-30,2,9,2,9,2,0,2,1,2,3,2,1,1,1,1,4,0,3,4,2,1,1,0,0,0,1,1,2,1,1,1,0,0,3,0,1,0,3,1,0,0,6,3,0,3,0,1,4,0,1,1,1,3,0,3,2,0,1,1,2,1,0,0,0,0,6,1,1,6,1,1,2,0,2,0,3,0,0,0,0,4,2,2,0,0,1,0,0,0,1,0
2015-12-01,3,1,2,4,0,0,1,1,1,3,2,0,1,0,1,3,1,2,2,0,4,6,1,0,1,2,4,5,3,3,0,0,3,5,0,1,2,0,0,0,2,2,2,1,0,0,1,1,3,2,3,2,1,3,0,3,0,3,1,0,2,2,0,1,2,1,2,2,2,3,0,0,2,1,0,2,0,0,0,1,3,1,1,0,1,1,0,0,0,1,2
2015-12-02,4,2,0,3,1,1,0,0,2,5,1,0,3,1,0,1,2,1,2,4,5,6,1,1,0,2,3,1,2,2,1,0,3,5,0,0,1,0,2,1,1,1,2,1,1,0,0,0,1,1,2,1,1,0,1,1,2,4,0,1,1,4,1,1,1,1,1,0,3,1,2,0,0,1,3,2,0,0,0,1,8,2,1,0,2,2,1,0,2,1,0
2015-12-03,2,1,2,3,0,0,1,0,4,3,1,0,2,0,3,1,0,1,2,4,4,6,3,0,0,0,1,2,1,3,2,1,2,2,0,0,4,1,0,0,1,2,2,0,4,0,0,0,1,2,2,1,1,1,0,1,0,4,2,2,2,1,1,0,2,2,3,0,4,0,1,0,2,2,2,2,1,0,1,4,4,0,2,1,1,1,0,0,3,3,3
2015-12-04,3,3,2,7,1,1,1,0,3,4,2,0,1,2,2,3,1,0,5,1,3,6,2,0,0,2,4,1,3,2,1,0,4,3,0,0,3,1,2,0,0,5,2,0,4,1,2,3,4,2,3,5,4,3,0,3,1,0,0,3,1,1,1,1,1,3,2,1,5,1,3,0,0,4,1,2,1,0,0,3,5,0,2,2,0,1,2,0,2,3,4
2015-12-05,3,1,1,3,3,0,0,0,2,3,0,0,5,0,0,0,0,3,4,1,3,5,2,0,0,1,8,1,5,3,0,0,3,1,0,0,1,0,1,2,1,4,5,1,3,1,1,1,0,1,5,2,3,0,1,1,2,1,3,1,0,5,1,0,1,5,2,3,3,2,2,1,0,2,1,4,2,0,2,3,6,4,2,0,2,0,0,0,2,1,2
2015-12-06,2,1,1,9,1,1,1,0,2,5,4,2,2,0,1,1,1,1,1,2,2,3,0,0,1,2,3,2,3,3,1,1,3,2,1,0,0,1,2,0,2,1,1,0,1,1,1,0,0,2,2,3,1,4,4,0,0,0,3,3,2,5,1,2,0,2,1,1,3,1,1,0,3,0,3,1,3,2,0,1,3,1,2,0,0,1,4,0,0,3,1
2015-12-07,0,3,2,8,1,1,2,1,1,3,4,2,0,0,1,0,1,1,7,2,5,7,2,0,0,0,4,1,1,1,2,1,3,1,0,0,2,2,1,0,1,2,3,2,1,1,3,1,0,3,1,5,0,0,0,1,1,3,1,2,3,3,0,0,0,3,1,1,3,3,4,0,0,2,2,2,1,3,0,1,4,0,0,2,3,0,0,0,3,0,2
2015-12-08,1,1,1,2,1,1,3,0,2,1,1,1,2,1,0,0,0,1,4,1,3,3,3,0,0,1,4,1,0,0,1,0,2,3,1,1,0,1,0,1,0,3,2,0,2,1,1,1,0,2,0,5,1,3,2,1,1,2,0,2,1,1,0,2,1,3,2,0,4,0,1,0,0,0,1,2,2,0,1,1,4,2,0,1,0,0,1,0,1,0,1
2015-12-09,4,0,2,6,2,1,0,0,4,2,3,1,2,0,0,0,1,1,2,2,2,5,1,0,2,4,1,3,8,2,1,2,2,1,1,0,2,1,0,0,0,2,4,0,2,3,0,2,2,1,2,6,3,3,2,3,2,2,1,3,0,2,1,1,2,7,2,1,3,4,1,0,0,1,1,0,1,0,2,2,4,1,0,0,3,1,0,0,2,3,1
2015-12-10,2,2,1,3,0,3,2,0,2,2,3,0,1,0,1,1,2,3,3,3,3,3,0,0,0,1,1,1,1,0,1,1,0,3,0,0,2,1,0,1,1,1,0,0,2,1,3,1,3,0,0,0,1,5,1,0,3,0,0,2,1,0,0,0,4,3,1,2,5,1,0,0,1,1,0,1,1,0,0,0,6,1,1,0,0,1,2,0,3,3,3
2015-12-11,5,6,5,7,2,2,0,0,3,5,0,0,1,0,2,0,3,2,3,1,3,6,0,1,2,2,4,3,9,0,0,0,5,1,0,0,1,2,0,0,2,3,1,0,0,1,1,0,0,2,1,3,3,4,1,2,0,1,1,4,2,5,1,1,1,5,2,1,1,1,3,1,0,0,1,0,3,1,1,0,6,2,1,0,1,4,0,0,0,4,0
2015-12-12,2,4,1,4,0,0,0,0,2,1,1,0,1,0,0,0,2,1,3,2,4,2,1,0,0,1,2,3,2,2,2,1,2,2,1,1,1,2,0,0,1,1,0,1,1,2,2,3,1,1,1,2,5,2,0,2,1,0,2,1,0,6,1,0,1,1,0,0,1,1,3,1,2,3,2,1,1,2,2,3,4,2,1,0,0,2,0,0,0,3,2
2015-12-13,4,1,0,3,3,1,4,0,7,5,3,1,2,1,0,0,2,2,3,0,0,1,1,0,1,1,3,1,1,3,0,2,2,1,2,1,3,0,2,1,0,1,2,0,0,1,1,0,0,1,2,1,1,2,1,1,0,2,2,2,1,1,3,0,0,3,1,2,2,0,0,1,0,0,3,3,1,0,2,1,8,1,1,0,1,1,1,0,2,3,0
2015-12-14,1,2,3,2,1,0,2,0,2,2,1,1,2,0,1,3,0,1,1,1,3,6,0,0,1,1,0,1,2,4,0,0,1,2,0,0,4,1,3,2,3,1,2,1,1,2,1,0,1,1,2,3,2,1,1,0,1,2,0,1,1,6,1,1,1,0,2,0,2,0,2,1,1,0,0,3,1,2,1,1,6,0,3,1,2,1,3,0,3,2,1
2015-12-15,3,1,2,4,4,0,0,0,3,3,1,0,0,1,0,1,2,0,4,3,2,3,1,0,1,2,4,2,3,3,3,1,2,3,0,0,0,1,3,2,2,1,0,3,1,1,4,2,1,5,1,2,3,2,0,3,1,2,1,2,0,2,2,1,0,5,3,1,1,3,1,0,0,1,3,2,0,0,1,1,2,0,0,1,1,1,5,0,1,2,1
2015-12-16,4,1,0,5,1,2,1,0,4,2,3,0,2,1,0,1,0,4,2,3,3,2,1,1,1,2,3,1,3,1,1,1,1,3,1,2,1,1,1,0,3,3,0,1,0,1,0,0,1,1,2,2,2,2,0,1,1,0,1,5,1,3,0,1,0,2,1,0,6,0,3,0,0,2,1,2,1,1,2,0,1,1,0,1,1,1,4,0,3,3,0
2015-12-17,5,2,0,2,2,1,1,0,5,1,0,0,3,0,2,2,0,0,1,4,3,1,3,0,1,0,1,0,3,2,0,2,4,2,0,0,2,0,1,1,1,1,1,0,1,1,1,0,1,1,5,3,1,0,2,2,2,0,3,1,1,1,2,0,1,1,1,0,1,0,0,1,1,2,0,0,2,0,1,0,4,2,1,0,1,0,1,0,1,2,2
2015-12-18,2,0,1,11,1,0,3,0,4,0,5,0,3,1,2,2,1,0,6,3,4,2,4,1,0,1,2,1,2,5,2,1,3,3,0,2,3,1,1,0,0,4,2,0,1,1,2,2,1,3,2,5,3,5,1,2,2,1,3,2,2,3,1,0,3,3,2,1,5,1,2,0,2,2,0,2,0,3,0,2,7,0,3,0,0,0,3,0,1,3,0
2015-12-19,2,2,0,6,2,0,2,1,3,4,2,1,1,0,2,0,0,0,4,2,4,2,7,0,1,0,5,1,3,1,0,0,4,4,0,0,2,1,2,1,2,1,1,1,0,1,0,1,0,0,3,3,2,1,1,0,2,2,0,4,2,2,0,1,1,1,1,1,4,2,0,1,3,0,2,1,1,0,0,1,5,2,4,0,2,0,1,0,1,2,1
2015-12-20,6,5,1,6,0,1,0,0,3,2,2,0,3,0,4,0,1,3,2,2,1,1,1,0,0,0,2,1,3,4,2,2,3,2,1,0,4,2,2,0,0,0,1,0,2,3,1,2,1,0,2,2,0,1,0,3,2,2,1,1,0,1,0,0,0,1,1,0,1,0,1,0,1,0,1,5,0,2,1,0,4,0,1,1,0,1,1,1,1,2,1
2015-12-21,4,2,1,7,1,1,4,0,1,5,0,0,4,0,1,0,0,2,5,1,1,4,1,0,0,2,3,3,2,4,1,1,1,3,0,1,0,2,0,1,3,1,1,1,0,1,2,2,1,1,1,2,3,1,2,1,0,3,0,1,2,2,0,0,2,4,1,1,2,0,0,0,1,1,1,1,1,1,0,0,4,2,2,2,2,0,0,0,0,2,0
2015-12-22,1,1,2,9,0,2,1,0,1,4,1,1,3,0,0,1,2,1,3,1,3,6,2,2,3,0,2,1,2,1,1,0,0,2,0,1,1,1,2,1,0,2,1,0,0,1,0,1,0,0,1,2,0,2,1,1,1,1,1,1,0,2,0,2,0,3,1,0,3,2,2,0,2,1,3,0,0,0,0,1,5,0,2,1,0,1,0,0,0,1,1
2015-12-23,3,2,1,7,2,0,1,0,4,0,0,1,1,0,1,0,1,2,3,2,4,0,0,0,0,2,4,1,3,3,3,0,2,1,1,1,1,1,0,3,1,4,0,1,1,1,0,0,2,3,2,2,3,2,0,1,1,3,0,5,1,3,1,0,1,4,1,0,2,2,1,1,0,1,1,2,1,0,0,0,7,0,1,1,1,2,2,0,1,3,1
2015-12-24,3,0,1,8,0,0,3,0,2,2,2,0,2,0,1,0,2,2,4,4,5,3,2,1,1,1,5,1,1,2,0,1,0,1,1,0,2,0,4,2,2,2,1,0,1,0,0,1,2,1,2,1,2,1,2,0,1,0,3,2,3,1,0,0,0,3,3,0,1,1,2,1,0,1,2,4,0,0,3,0,6,1,0,0,1,2,0,0,1,1,1
2015-12-26,3,0,2,5,1,2,1,0,1,2,0,0,1,0,1,0,0,1,2,1,2,7,0,1,0,2,4,1,2,2,0,1,3,1,0,1,0,0,0,1,0,3,0,0,0,1,1,1,0,1,1,2,0,1,1,0,2,0,1,1,0,1,0,0,0,0,1,1,2,0,0,0,0,1,1,1,1,0,2,0,6,3,1,1,0,0,3,0,1,2,0
2015-12-27,1,3,0,5,1,0,1,0,2,1,0,0,0,0,1,1,1,0,6,2,2,3,1,0,0,1,1,1,3,1,1,1,1,0,1,0,0,0,0,0,0,1,1,1,1,0,2,0,1,1,0,1,1,0,3,0,0,0,1,2,2,0,0,0,1,1,1,0,2,1,1,1,1,1,0,1,0,0,0,1,4,1,0,1,0,2,0,0,2,4,3
2015-12-28,0,1,1,3,1,0,1,0,2,1,2,1,1,0,0,1,2,2,3,4,2,4,0,0,1,2,1,3,3,1,3,0,3,0,0,0,1,1,0,0,0,1,1,0,1,1,2,0,1,1,2,1,1,0,1,1,0,3,2,3,0,1,2,1,2,2,1,0,1,1,0,0,1,1,0,2,1,1,1,0,3,1,2,0,1,0,1,0,1,1,1
2015-12-29,1,3,0,6,1,2,0,0,1,4,1,0,1,0,0,1,0,1,1,1,3,3,0,0,0,1,2,0,2,1,2,0,1,2,0,0,0,0,0,1,0,0,0,0,3,0,1,2,0,0,1,1,3,2,0,0,0,2,1,1,1,0,2,1,0,1,0,0,2,0,1,2,2,0,1,0,0,0,0,0,3,1,1,0,0,1,1,0,1,0,0
2015-12-30,1,4,1,3,0,0,0,0,3,2,2,0,1,0,0,0,0,1,3,0,1,4,1,0,0,2,1,0,4,0,2,1,1,2,1,1,2,1,1,0,0,2,0,0,1,0,0,2,0,0,2,1,0,0,1,0,0,2,0,0,0,0,0,1,0,3,3,1,0,1,1,1,1,0,0,1,0,1,1,0,2,0,1,0,1,0,1,0,0,1,4
2015-12-31,5,4,1,6,2,2,1,0,2,1,4,0,4,0,1,3,0,2,5,3,5,6,3,0,1,1,2,0,2,1,4,4,2,4,0,1,1,0,0,3,2,4,3,0,2,1,4,1,3,1,3,4,3,1,2,4,0,4,1,4,0,1,2,0,1,3,2,0,7,0,2,2,1,2,1,1,3,0,2,0,1,2,0,1,0,0,1,0,4,2,4
